Cruise,Station,Depth,Bottle,Timepoint,Treatment,Treatment_Btl,Hours,cellsperL,sd_cellsperL,p_cellsperL,p_sdcellsperL
AT34,U,5,Niskin,0,,,0,,,,
AT34,U,5,GF75,0,,,0,,,,
AT34,U,5,A,0,Control,Control-A,0,154824596,20204062,,
AT34,U,5,A,1,Control,Control-A,12,158271749,28030322,,
AT34,U,5,A,2,Control,Control-A,24,216931908,33054932,,
AT34,U,5,A,3,Control,Control-A,48,275360950,49534915,,
AT34,U,5,A,4,Control,Control-A,72,,,,
AT34,U,5,A,5,Control,Control-A,96,273250905,18700012,,
AT34,U,5,A,6,Control,Control-A,120,427776441,30428489,,
AT34,U,5,A,7,Control,Control-A,144,562854663,60404598,,
AT34,U,5,A,8,Control,Control-A,168,766455849,56209157,,
AT34,U,5,A,9,Control,Control-A,192,,,,
AT34,U,5,A,10,Control,Control-A,216,1128346882,100748693,,
AT34,U,5,A,11,Control,Control-A,240,827837153,149894720,,
AT34,U,5,A,12,Control,Control-A,336,516961171,51231376,,
AT34,U,5,A,13,Control,Control-A,504,454538989,43675071,,
AT34,U,5,A,14,Control,Control-A,1248,,,,
AT34,U,5,A,15,Control,Control-A,1728,,,,
AT34,U,5,A,16,Control,Control-A,2856,,,,
AT34,U,5,GF75,10,Control,Control-A,216,60136299,10212692,,
AT34,U,5,B,0,Control,Control-B,0,104038772,11235776,,
AT34,U,5,B,1,Control,Control-B,12,149417386,26379270,,
AT34,U,5,B,2,Control,Control-B,24,146120658,11409107,,
AT34,U,5,B,3,Control,Control-B,48,153844568,22973228,,
AT34,U,5,B,4,Control,Control-B,72,,,,
AT34,U,5,B,5,Control,Control-B,96,314883306,82080075,,
AT34,U,5,B,6,Control,Control-B,120,606562659,77926290,,
AT34,U,5,B,7,Control,Control-B,144,761751969,72448971,,
AT34,U,5,B,8,Control,Control-B,168,474538549,22260457,,
AT34,U,5,B,9,Control,Control-B,192,,,,
AT34,U,5,B,10,Control,Control-B,216,1095174098,112734178,,
AT34,U,5,B,11,Control,Control-B,240,1016868320,115429459,,
AT34,U,5,B,12,Control,Control-B,336,400291021,57714218,,
AT34,U,5,B,13,Control,Control-B,504,486989998,33902494,,
AT34,U,5,B,14,Control,Control-B,1248,,,,
AT34,U,5,B,15,Control,Control-B,1728,,,,
AT34,U,5,B,16,Control,Control-B,2856,,,,
AT34,U,5,GF75,10,Control,Control-B,216,63087341,10713854,,
AT34,1,10,Niskin,0,,,0,1683640548,135966189,,
AT34,1,10,GF75,0,,,0,388608180,28957021,,
AT34,1,10,SA,0,Control,Control-A,0,430978731,31239496,,
AT34,1,10,SA,1,Control,Control-A,24,570829753,32740750,,
AT34,1,10,SA,2,Control,Control-A,48,496601007,49140409,,
AT34,1,10,SA,3,Control,Control-A,72,632198879,67796971,,
AT34,1,10,SA,4,Control,Control-A,96,1027867344,92797189,,
AT34,1,10,SA,5,Control,Control-A,120,1918685709,163678857,,
AT34,1,10,SA,6,Control,Control-A,144,1976409375,147162596,,
AT34,1,10,SA,7,Control,Control-A,168,2180380449,128078439,,
AT34,1,10,SA,8,Control,Control-A,192,2294674585,264406146,,
AT34,1,10,SA,9,Control,Control-A,216,2197964162,253189190,,
AT34,1,10,SA,10,Control,Control-A,240,1976409375,230786935,,
AT34,1,10,SA,11,Control,Control-A,264,2157312167,239607341,,
AT34,1,10,SA,12,Control,Control-A,312,2022127029,257994350,,
AT34,1,10,SA,13,Control,Control-A,,,,,
AT34,1,10,SA,14,Control,Control-A,336,2309327680,216151769,,
AT34,1,10,SA,15,Control,Control-A,408,1276436571,75210579,,
AT34,1,10,SA,16,Control,Control-A,1152,,,,
AT34,1,10,SA,17,Control,Control-A,1632,,,,
AT34,1,10,SA,18,Control,Control-A,2760,,,,
AT34,1,10,GF75,8,Control,Control-A,192,298571452,28045885,,
AT34,1,10,SB,0,Control,Control-B,0,487266697,24453042,,
AT34,1,10,SB,1,Control,Control-B,24,557548208,28495356,,
AT34,1,10,SB,2,Control,Control-B,48,549708407,34565146,,
AT34,1,10,SB,3,Control,Control-B,72,561421992,88307454,,
AT34,1,10,SB,4,Control,Control-B,96,1198106075,129816040,,
AT34,1,10,SB,5,Control,Control-B,120,1840047436,182469535,,
AT34,1,10,SB,6,Control,Control-B,144,2132425900,122731071,,
AT34,1,10,SB,7,Control,Control-B,168,2066018173,234947749,,
AT34,1,10,SB,8,Control,Control-B,192,2052183230,121527588,,
AT34,1,10,SB,9,Control,Control-B,216,2058639537,109718886,,
AT34,1,10,SB,10,Control,Control-B,240,1981163856,153647786,,
AT34,1,10,SB,11,Control,Control-B,264,2158251128,246721955,,
AT34,1,10,SB,12,Control,Control-B,312,2219739764,162554474,,
AT34,1,10,SB,13,Control,Control-B,,,,,
AT34,1,10,SB,14,Control,Control-B,336,2471843172,212608068,,
AT34,1,10,SB,15,Control,Control-B,408,1737053970,120605884,,
AT34,1,10,SB,16,Control,Control-B,1152,,,,
AT34,1,10,SB,17,Control,Control-B,1632,,,,
AT34,1,10,SB,18,Control,Control-B,2760,,,,
AT34,1,10,GF75,8,Control,Control-B,192,433310419,31955757,,
AT34,1,200,Niskin,0,,,0,407116085,29252622,,
AT34,1,200,GF75,0,,,0,92970818,11277760,,
AT34,1,200,DA,0,Control,Control-A,0,90995716,9325172,,
AT34,1,200,DA,1,Control,Control-A,24,106529062,7174040,,
AT34,1,200,DA,2,Control,Control-A,48,114469974,7980759,,
AT34,1,200,DA,3,Control,Control-A,72,98117120,10608678,,
AT34,1,200,DA,4,Control,Control-A,96,198344286,13890021,,
AT34,1,200,DA,5,Control,Control-A,120,202036866,23067527,,
AT34,1,200,DA,6,Control,Control-A,144,236530415,16513709,,
AT34,1,200,DA,7,Control,Control-A,168,215752162,23649931,,
AT34,1,200,DA,8,Control,Control-A,192,195706729,22716361,,
AT34,1,200,DA,9,Control,Control-A,216,,,,
AT34,1,200,DA,10,Control,Control-A,240,231577504,22716361,,
AT34,1,200,DA,11,Control,Control-A,264,221535644,25268011,,
AT34,1,200,DA,12,Control,Control-A,312,222082299,18848232,,
AT34,1,200,DA,13,Control,Control-A,,,,,
AT34,1,200,DA,14,Control,Control-A,336,257813315,16763694,,
AT34,1,200,DA,15,Control,Control-A,408,,,,
AT34,1,200,DA,16,Control,Control-A,1152,,,,
AT34,1,200,DA,17,Control,Control-A,1632,,,,
AT34,1,200,DA,18,Control,Control-A,2760,,,,
AT34,1,200,GF75,12,Control,Control-A,312,56443720,3838999,,
AT34,1,200,DB,0,Control,Control-B,0,91587323,10632824,,
AT34,1,200,DB,1,Control,Control-B,24,103512288,26167653,,
AT34,1,200,DB,2,Control,Control-B,48,120364005,10455329,,
AT34,1,200,DB,3,Control,Control-B,72,118427113,16591680,,
AT34,1,200,DB,4,Control,Control-B,96,210291136,33203864,,
AT34,1,200,DB,5,Control,Control-B,120,208630942,10771925,,
AT34,1,200,DB,6,Control,Control-B,144,236854226,33183361,,
AT34,1,200,DB,7,Control,Control-B,168,216378511,25083294,,
AT34,1,200,DB,8,Control,Control-B,192,209737738,17970047,,
AT34,1,200,DB,9,Control,Control-B,216,,,,
AT34,1,200,DB,10,Control,Control-B,240,225232874,21520144,,
AT34,1,200,DB,11,Control,Control-B,264,225786272,15608912,,
AT34,1,200,DB,12,Control,Control-B,312,233533840,18036201,,
AT34,1,200,DB,13,Control,Control-B,,,,,
AT34,1,200,DB,14,Control,Control-B,336,297174578,24058485,,
AT34,1,200,DB,15,Control,Control-B,408,,,,
AT34,1,200,DB,16,Control,Control-B,1152,,,,
AT34,1,200,DB,17,Control,Control-B,1632,,,,
AT34,1,200,DB,18,Control,Control-B,2760,,,,
AT34,1,200,GF75,12,Control,Control-B,312,121378568,18848047,,
AT34,2,10,Niskin,0,,,0,1778949495,193696434,,
AT34,2,10,GF75,0,,,0,819875364,59186310,,
AT34,2,10,SA,0,Control,Control-A,0,427350964,45461868,,
AT34,2,10,SA,1,Control,Control-A,24,613092639,60061052,,
AT34,2,10,SA,2,Control,Control-A,48,803575698,81658633,,
AT34,2,10,SA,3,Control,Control-A,72,1229101559,91536697,,
AT34,2,10,SA,4,Control,Control-A,96,1263389800,152507672,,
AT34,2,10,SA,5,Control,Control-A,120,1890469743,204167965,,
AT34,2,10,SA,6,Control,Control-A,144,2277431566,159262598,,
AT34,2,10,SA,7,Control,Control-A,168,2343268821,281212565,,
AT34,2,10,SA,8,Control,Control-A,192,2406418841,176264993,,
AT34,2,10,SA,9,Control,Control-A,216,1786505271,157098667,,
AT34,2,10,SA,10,Control,Control-A,264,1464005566,142762752,,
AT34,2,10,SA,11,Control,Control-A,288,1778949495,167002994,,
AT34,2,10,SA,12,Control,Control-A,336,921386577,48474952,,
AT34,2,10,SA,13,Control,Control-A,1080,,,,
AT34,2,10,SA,14,Control,Control-A,1584,,,,
AT34,2,10,SA,15,Control,Control-A,2688,,,,
AT34,2,10,GF75,9,Control,Control-A,216,350502018,73767816,,
AT34,2,10,SB,0,Control,Control-B,0,552290930,50639168,,
AT34,2,10,SB,1,Control,Control-B,24,682892793,32104488,,
AT34,2,10,SB,2,Control,Control-B,48,769222838,59647146,,
AT34,2,10,SB,3,Control,Control-B,72,1209174029,147024074,,
AT34,2,10,SB,4,Control,Control-B,96,1422232153,106128032,,
AT34,2,10,SB,5,Control,Control-B,120,1955338628,203005642,,
AT34,2,10,SB,6,Control,Control-B,144,2444173286,213002884,,
AT34,2,10,SB,7,Control,Control-B,168,2889965897,119512426,,
AT34,2,10,SB,8,Control,Control-B,192,2462619876,144530998,,
AT34,2,10,SB,9,Control,Control-B,216,1863105674,133870237,,
AT34,2,10,SB,10,Control,Control-B,264,1837280447,118976936,,
AT34,2,10,SB,11,Control,Control-B,288,1961487492,110185013,,
AT34,2,10,SB,12,Control,Control-B,336,889125678,79603446,,
AT34,2,10,SB,13,Control,Control-B,1080,,,,
AT34,2,10,SB,14,Control,Control-B,1584,,,,
AT34,2,10,SB,15,Control,Control-B,2688,,,,
AT34,2,10,GF75,9,Control,Control-B,216,340647044,33703651,,
AT34,2,10,SA12,0,TW12,TW12-A,0,417789028,42021028,,
AT34,2,10,SA12,1,TW12,TW12-A,24,577888738,55346117,,
AT34,2,10,SA12,2,TW12,TW12-A,48,915809649,77809256,,
AT34,2,10,SA12,3,TW12,TW12-A,72,1151211425,105851134,,
AT34,2,10,SA12,4,TW12,TW12-A,96,1737297354,213673197,,
AT34,2,10,SA12,5,TW12,TW12-A,120,2154004879,237181053,,
AT34,2,10,SA12,6,TW12,TW12-A,144,3370211715,253610971,,
AT34,2,10,SA12,7,TW12,TW12-A,168,3241264484,273594197,,
AT34,2,10,SA12,8,TW12,TW12-A,192,3124039729,329309077,,
AT34,2,10,SA12,9,TW12,TW12-A,216,3603234076,247995696,,
AT34,2,10,GF75,8,TW12,TW12-A,192,355191009,35727384,,
AT34,2,10,SB12,0,TW12,TW12-B,0,517980271,46094336,,
AT34,2,10,SB12,1,TW12,TW12-B,24,784164576,103112978,,
AT34,2,10,SB12,2,TW12,TW12-B,48,994271246,131720657,,
AT34,2,10,SB12,3,TW12,TW12-B,72,1264513802,105202187,,
AT34,2,10,SB12,4,TW12,TW12-B,96,2356551979,200958278,,
AT34,2,10,SB12,5,TW12,TW12-B,120,2001455106,302171449,,
AT34,2,10,SB12,6,TW12,TW12-B,144,3314237487,297654118,,
AT34,2,10,SB12,7,TW12,TW12-B,168,3375726123,203831712,,
AT34,2,10,SB12,8,TW12,TW12-B,192,3295790896,262799486,,
AT34,2,10,SB12,9,TW12,TW12-B,216,3603234076,247995696,,
AT34,2,10,GF75,8,TW12,TW12-B,192,384303976,44928333,,
AT34,2,10,SA13,0,TW13,TW13-A,0,284175089,19017765,,
AT34,2,10,SA13,1,TW13,TW13-A,24,392282549,76367793,,
AT34,2,10,SA13,2,TW13,TW13-A,48,974137717,139738596,,
AT34,2,10,SA13,3,TW13,TW13-A,72,1032086757,63967394,,
AT34,2,10,SA13,4,TW13,TW13-A,96,1737297354,213673197,,
AT34,2,10,SA13,5,TW13,TW13-A,120,2426573103,234883391,,
AT34,2,10,SA13,6,TW13,TW13-A,144,3584771339,186263267,,
AT34,2,10,SA13,7,TW13,TW13-A,168,3611643688,283881915,,
AT34,2,10,SA13,8,TW13,TW13-A,192,4869899980,504806349,,
AT34,2,10,SA13,9,TW13,TW13-A,216,3837371418,503022809,,
AT34,2,10,GF75,8,TW13,TW13-A,192,457904825,17743892,,
AT34,2,10,SB13,0,TW13,TW13-B,0,257053243,25971398,,
AT34,2,10,SB13,1,TW13,TW13-B,24,,,,
AT34,2,10,SB13,2,TW13,TW13-B,48,1005339200,86193822,,
AT34,2,10,SB13,3,TW13,TW13-B,72,904523263,51240996,,
AT34,2,10,SB13,4,TW13,TW13-B,96,2582522717,189520705,,
AT34,2,10,SB13,5,TW13,TW13-B,120,2891503113,383411354,,
AT34,2,10,SB13,6,TW13,TW13-B,144,4101292029,200925612,,
AT34,2,10,SB13,7,TW13,TW13-B,168,4722327254,547904808,,
AT34,2,10,SB13,8,TW13,TW13-B,192,4458122677,364613314,,
AT34,2,10,SB13,9,TW13,TW13-B,216,3837371418,503022809,,
AT34,2,10,GF75,8,TW13,TW13-B,192,457904825,17743892,,
AT34,2,200,Niskin,0,,,0,312669715,18538594,,
AT34,2,200,GF75,0,,,0,282924587,48451938,,
AT34,2,200,DA,0,Control,Control-A,0,96534586,7480832,,
AT34,2,200,DA,1,Control,Control-A,24,117898798,12185526,,
AT34,2,200,DA,2,Control,Control-A,48,106898204,13766408,,
AT34,2,200,DA,3,Control,Control-A,72,189127591,20067006,,
AT34,2,200,DA,4,Control,Control-A,96,257953074,22025312,,
AT34,2,200,DA,5,Control,Control-A,120,226856369,19002380,,
AT34,2,200,DA,6,Control,Control-A,144,209443087,12499542,,
AT34,2,200,DA,7,Control,Control-A,168,399630217,53207306,,
AT34,2,200,DA,8,Control,Control-A,192,302313925,15319596,,
AT34,2,200,DA,9,Control,Control-A,216,257601400,25899111,,
AT34,2,200,DA,10,Control,Control-A,264,312669715,28725790,,
AT34,2,200,DA,11,Control,Control-A,288,362224494,24449161,,
AT34,2,200,DA,12,Control,Control-A,336,245292801,19461604,,
AT34,2,200,DA,13,Control,Control-A,1080,,,,
AT34,2,200,DA,14,Control,Control-A,1584,,,,
AT34,2,200,DA,15,Control,Control-A,2688,,,,
AT34,2,200,GF75,10,Control,Control-A,264,47402823,17418589,,
AT34,2,200,DB,0,Control,Control-B,0,99334892,14609537,,
AT34,2,200,DB,1,Control,Control-B,24,100995085,17801199,,
AT34,2,200,DB,2,Control,Control-B,48,135029045,8730520,,
AT34,2,200,DB,3,Control,Control-B,72,222465886,16457833,,
AT34,2,200,DB,4,Control,Control-B,96,241281408,19556866,,
AT34,2,200,DB,5,Control,Control-B,120,228553260,26353458,,
AT34,2,200,DB,6,Control,Control-B,144,253456158,22258547,,
AT34,2,200,DB,7,Control,Control-B,168,392648862,23073919,,
AT34,2,200,DB,8,Control,Control-B,192,326504658,25426871,,
AT34,2,200,DB,9,Control,Control-B,216,283155169,23027474,,
AT34,2,200,DB,10,Control,Control-B,264,260231826,25472946,,
AT34,2,200,DB,11,Control,Control-B,288,320970681,24518473,,
AT34,2,200,DB,12,Control,Control-B,336,298834772,29166621,,
AT34,2,200,DB,13,Control,Control-B,1080,,,,
AT34,2,200,DB,14,Control,Control-B,1584,,,,
AT34,2,200,DB,15,Control,Control-B,2688,,,,
AT34,2,200,GF75,10,Control,Control-B,264,47402823,17418589,,
AT34,2,200,DA12,0,TW12,TW12-A,0,100718386,10204150,,
AT34,2,200,DA12,1,TW12,TW12-A,24,116766920,15367239,,
AT34,2,200,DA12,2,TW12,TW12-A,48,227999863,17066835,,
AT34,2,200,DA12,3,TW12,TW12-A,72,247368783,30762145,,
AT34,2,200,DA12,4,TW12,TW12-A,96,363103680,34439448,,
AT34,2,200,DA12,5,TW12,TW12-A,120,528494827,50433802,,
AT34,2,200,DA12,6,TW12,TW12-A,144,545095112,90232608,,
AT34,2,200,DA12,7,TW12,TW12-A,168,774520705,69748724,,
AT34,2,200,DA12,8,TW12,TW12-A,192,582900096,49656481,,
AT34,2,200,DA12,9,TW12,TW12-A,216,547863748,47668567,,
AT34,2,200,DA12,10,TW12,TW12-A,264,859843580,42630181,,
AT34,2,200,GF75,10,TW12,TW12-A,264,62773856,3617861,,
AT34,2,200,DB12,0,TW12,TW12-B,0,100718386,10204150,,
AT34,2,200,DB12,1,TW12,TW12-B,24,,,,
AT34,2,200,DB12,2,TW12,TW12-B,48,226302390,19173505,,
AT34,2,200,DB12,3,TW12,TW12-B,72,214169628,15569283,,
AT34,2,200,DB12,4,TW12,TW12-B,96,,,,
AT34,2,200,DB12,5,TW12,TW12-B,120,477397816,62415990,,
AT34,2,200,DB12,6,TW12,TW12-B,144,,,,
AT34,2,200,DB12,7,TW12,TW12-B,168,810332383,93427799,,
AT34,2,200,DB12,8,TW12,TW12-B,192,783057781,52661705,,
AT34,2,200,DB12,9,TW12,TW12-B,216,,,,
AT34,2,200,DB12,10,TW12,TW12-B,264,857766474,94959638,,
AT34,2,200,GF75,10,TW12,TW12-B,264,51097057,6273649,,
AT34,2,200,DA13,0,TW13,TW13-A,0,94631011,14513142,,
AT34,2,200,DA13,1,TW13,TW13-A,24,103919746,14510559,,
AT34,2,200,DA13,2,TW13,TW13-A,48,180420950,26596296,,
AT34,2,200,DA13,3,TW13,TW13-A,72,201703851,24563738,,
AT34,2,200,DA13,4,TW13,TW13-A,96,465160359,50851971,,
AT34,2,200,DA13,5,TW13,TW13-A,120,1083493106,92481492,,
AT34,2,200,DA13,6,TW13,TW13-A,144,1020611810,106828994,,
AT34,2,200,DA13,7,TW13,TW13-A,168,1485657002,146985527,,
AT34,2,200,DA13,8,TW13,TW13-A,192,1574416528,90792089,,
AT34,2,200,DA13,9,TW13,TW13-A,216,1114127584,84106588,,
AT34,2,200,DA13,10,TW13,TW13-A,264,1283611071,156787349,,
AT34,2,200,GF75,10,TW13,TW13-A,264,55786996,4444917,,
AT34,2,200,DB13,0,TW13,TW13-B,0,77807931,14244436,,
AT34,2,200,DB13,1,TW13,TW13-B,24,45655312,11684863,,
AT34,2,200,DB13,2,TW13,TW13-B,48,,,,
AT34,2,200,DB13,3,TW13,TW13-B,72,264524113,17846540,,
AT34,2,200,DB13,4,TW13,TW13-B,96,658543293,42866003,,
AT34,2,200,DB13,5,TW13,TW13-B,120,1386261301,109481721,,
AT34,2,200,DB13,6,TW13,TW13-B,144,1571649539,221666320,,
AT34,2,200,DB13,7,TW13,TW13-B,168,1786684084,204048211,,
AT34,2,200,DB13,8,TW13,TW13-B,192,1229101559,155394667,,
AT34,2,200,DB13,9,TW13,TW13-B,216,1389028290,102540482,,
AT34,2,200,DB13,10,TW13,TW13-B,264,1601778971,157734299,,
AT34,2,200,GF75,10,TW13,TW13-B,264,65116466,6568069,,
AT34,3,10,Niskin,0,,,0,1176523563,78009671,,
AT34,3,10,GF75,0,,,0,362927842,22490662,,
AT34,3,10,SA,0,Control,Control-A,0,421304686,61584248,,
AT34,3,10,SA,1,Control,Control-A,24,495290964,33972124,,
AT34,3,10,SA,2,Control,Control-A,48,402440297,25472946,,
AT34,3,10,SA,3,Control,Control-A,72,1616371784,162849538,,
AT34,3,10,SA,4,Control,Control-A,96,1533080003,124578235,,
AT34,3,10,SA,5,Control,Control-A,120,2172629406,233070188,,
AT34,3,10,SA,6,Control,Control-A,144,3735434644,200428432,,
AT34,3,10,SA,7,Control,Control-A,168,1582534197,120387455,,
AT34,3,10,SA,8,Control,Control-A,216,733240845,38030356,,
AT34,3,10,SA,9,Control,Control-A,240,555645340,75607695,,
AT34,3,10,SA,10,Control,Control-A,288,831709639,92321472,,
AT34,3,10,SA,11,Control,Control-A,312,765861943,45126347,,
AT34,3,10,SA,12,Control,Control-A,1032,,,,
AT34,3,10,SA,13,Control,Control-A,1512,,,,
AT34,3,10,SA,14,Control,Control-A,2640,,,,
AT34,3,10,GF75,9,Control,Control-A,240,179353876,27240572,,
AT34,3,10,SB,0,Control,Control-B,0,520193862,60283956,,
AT34,3,10,SB,1,Control,Control-B,24,430727896,48425961,,
AT34,3,10,SB,2,Control,Control-B,48,426116248,31843753,,
AT34,3,10,SB,3,Control,Control-B,72,1978396867,266652686,,
AT34,3,10,SB,4,Control,Control-B,96,1649816968,130488037,,
AT34,3,10,SB,5,Control,Control-B,120,2545629535,209422748,,
AT34,3,10,SB,6,Control,Control-B,144,3868416925,477969475,,
AT34,3,10,SB,7,Control,Control-B,168,1667110647,105414237,,
AT34,3,10,SB,8,Control,Control-B,216,752620906,67804989,,
AT34,3,10,SB,9,Control,Control-B,240,555242384,45559719,,
AT34,3,10,SB,10,Control,Control-B,288,782135451,59105901,,
AT34,3,10,SB,11,Control,Control-B,312,1116018745,100755092,,
AT34,3,10,SB,12,Control,Control-B,1032,,,,
AT34,3,10,SB,13,Control,Control-B,1512,,,,
AT34,3,10,SB,14,Control,Control-B,2640,,,,
AT34,3,10,GF75,9,Control,Control-B,240,142779752,24375985,,
AT34,3,200,Niskin,0,,,0,285553226,22622471,,
AT34,3,200,GF75,0,,,0,124668527,13325779,,
AT34,3,200,DA,0,Control,Control-A,0,95461108,18868347,,
AT34,3,200,DA,1,Control,Control-A,24,89726773,15979673,,
AT34,3,200,DA,2,Control,Control-A,48,109194860,7784642,,
AT34,3,200,DA,3,Control,Control-A,72,108465954,15803895,,
AT34,3,200,DA,4,Control,Control-A,96,95773051,6764150,,
AT34,3,200,DA,5,Control,Control-A,120,139526765,12646223,,
AT34,3,200,DA,6,Control,Control-A,144,114879291,7836873,,
AT34,3,200,DA,7,Control,Control-A,168,179353876,13158446,,
AT34,3,200,DA,8,Control,Control-A,216,196761752,20960789,,
AT34,3,200,DA,9,Control,Control-A,240,178486141,22160158,,
AT34,3,200,DA,10,Control,Control-A,288,247171865,16355528,,
AT34,3,200,DA,11,Control,Control-A,312,292156177,17245266,,
AT34,3,200,DA,12,Control,Control-A,1032,,,,
AT34,3,200,DA,13,Control,Control-A,1512,,,,
AT34,3,200,DA,14,Control,Control-A,2640,,,,
AT34,3,200,GF75,10,Control,Control-A,288,,,,
AT34,3,200,DB,0,Control,Control-B,0,67234617,6327283,,
AT34,3,200,DB,1,Control,Control-B,24,103485375,14594973,,
AT34,3,200,DB,2,Control,Control-B,48,104038772,7955594,,
AT34,3,200,DB,3,Control,Control-B,72,110402846,7655891,,
AT34,3,200,DB,4,Control,Control-B,96,107082460,14760155,,
AT34,3,200,DB,5,Control,Control-B,120,123585932,8716340,,
AT34,3,200,DB,6,Control,Control-B,144,123961090,16281141,,
AT34,3,200,DB,7,Control,Control-B,168,237961022,45708851,,
AT34,3,200,DB,8,Control,Control-B,216,194242602,18893128,,
AT34,3,200,DB,9,Control,Control-B,240,207524147,24506905,,
AT34,3,200,DB,10,Control,Control-B,288,288873613,32247258,,
AT34,3,200,DB,11,Control,Control-B,312,353067749,24164330,,
AT34,3,200,DB,12,Control,Control-B,1032,,,,
AT34,3,200,DB,13,Control,Control-B,1512,,,,
AT34,3,200,DB,14,Control,Control-B,2640,,,,
AT34,3,200,GF75,10,Control,Control-B,288,,,,
AT34,4,10,Niskin,0,,,0,1306223388,80007320,,
AT34,4,10,GF75,0,,,0,162846434,21936792,,
AT34,4,10,SA,0,Control,Control-A,0,224437858,17395358,,
AT34,4,10,SA,1,Control,Control-A,24,474760259,60345136,,
AT34,4,10,SA,2,Control,Control-A,48,1270524654,223515921,,
AT34,4,10,SA,3,Control,Control-A,96,907747945,81525587,,
AT34,4,10,SA,4,Control,Control-A,120,949668809,45254184,,
AT34,4,10,SA,5,Control,Control-A,144,1257625927,119372930,,
AT34,4,10,SA,6,Control,Control-A,168,1376939156,114817594,,
AT34,4,10,SA,7,Control,Control-A,192,1567881102,161258027,,
AT34,4,10,SA,8,Control,Control-A,912,,,,
AT34,4,10,SA,9,Control,Control-A,1392,,,,
AT34,4,10,SA,10,Control,Control-A,2544,,,,
AT34,4,10,GF75,6,Control,Control-A,168,206917086,28691817,,
AT34,4,10,SB,0,Control,Control-B,0,267844499,20072061,,
AT34,4,10,SB,1,Control,Control-B,24,479611362,44340086,,
AT34,4,10,SB,2,Control,Control-B,48,1859416356,162404514,,
AT34,4,10,SB,3,Control,Control-B,96,1211941018,106163652,,
AT34,4,10,SB,4,Control,Control-B,120,1044077041,53745430,,
AT34,4,10,SB,5,Control,Control-B,144,1444982949,140514950,,
AT34,4,10,SB,6,Control,Control-B,168,1490484539,131533952,,
AT34,4,10,SB,7,Control,Control-B,192,1540290335,128367500,,
AT34,4,10,SB,8,Control,Control-B,912,,,,
AT34,4,10,SB,9,Control,Control-B,1392,,,,
AT34,4,10,SB,10,Control,Control-B,2544,,,,
AT34,4,10,GF75,6,Control,Control-B,168,293300794,26375686,,
AT34,4,200,Niskin,0,,,0,926429297,68483391,,
AT34,4,200,GF75,0,,,0,187417363,25429844,,
AT34,4,200,DA,0,Control,Control-A,0,206784468,15883846,,
AT34,4,200,DA,1,Control,Control-A,24,256370540,12969106,,
AT34,4,200,DA,2,Control,Control-A,48,316824993,22370323,,
AT34,4,200,DA,3,Control,Control-A,96,420820983,37965218,,
AT34,4,200,DA,4,Control,Control-A,120,396031241,27077309,,
AT34,4,200,DA,5,Control,Control-A,144,315615737,28330899,,
AT34,4,200,DA,6,Control,Control-A,168,275624706,19362056,,
AT34,4,200,DA,7,Control,Control-A,192,279581041,18273531,,
AT34,4,200,DA,8,Control,Control-A,912,,,,
AT34,4,200,DA,9,Control,Control-A,1392,,,,
AT34,4,200,DA,10,Control,Control-A,2544,,,,
AT34,4,200,GF75,6,Control,Control-A,168,117378420,13698046,,
AT34,4,200,DB,0,Control,Control-B,0,219698897,14300570,,
AT34,4,200,DB,1,Control,Control-B,24,263228188,14165534,,
AT34,4,200,DB,2,Control,Control-B,48,345320180,25319584,,
AT34,4,200,DB,3,Control,Control-B,96,463009430,33055504,,
AT34,4,200,DB,4,Control,Control-B,120,460011859,35159088,,
AT34,4,200,DB,5,Control,Control-B,144,352099303,19687469,,
AT34,4,200,DB,6,Control,Control-B,168,320278933,29537955,,
AT34,4,200,DB,7,Control,Control-B,192,284999828,26249959,,
AT34,4,200,DB,8,Control,Control-B,912,,,,
AT34,4,200,DB,9,Control,Control-B,1392,,,,
AT34,4,200,DB,10,Control,Control-B,2544,,,,
AT34,4,200,GF75,6,Control,Control-B,168,143514477,10643042,,
AT34,5,10,Niskin,0,,,0,1989796860,251622751,,
AT34,5,10,GF75,0,,,0,317742527,22950381,,
AT34,5,10,SA,0,Control,Control-A,0,533475407,54671662,,
AT34,5,10,SA,1,Control,Control-A,48,1027061174,36491027,,
AT34,5,10,SA,2,Control,Control-A,72,,,,
AT34,5,10,SA,3,Control,Control-A,96,1696828333,124680528,,
AT34,5,10,SA,4,Control,Control-A,120,2684446897,258898981,,
AT34,5,10,SA,5,Control,Control-A,144,1383925967,124923510,,
AT34,5,10,SA,6,Control,Control-A,888,,,,
AT34,5,10,SA,7,Control,Control-A,1368,,,,
AT34,5,10,SA,8,Control,Control-A,2496,,,,
AT34,5,10,GF75,5,Control,Control-A,144,188145732,11983329,,
AT34,5,10,SB,0,Control,Control-B,0,453712738,38277395,,
AT34,5,10,SB,1,Control,Control-B,48,1193494427,106519191,,
AT34,5,10,SB,2,Control,Control-B,72,,,,
AT34,5,10,SB,3,Control,Control-B,96,1749351697,150929240,,
AT34,5,10,SB,4,Control,Control-B,120,2539480671,231978732,,
AT34,5,10,SB,5,Control,Control-B,144,1488024994,84756236,,
AT34,5,10,SB,6,Control,Control-B,888,,,,
AT34,5,10,SB,7,Control,Control-B,1368,,,,
AT34,5,10,SB,8,Control,Control-B,2496,,,,
AT34,5,10,GF75,5,Control,Control-B,144,242757135,14940600,,
AT34,5,200,Niskin,0,,,0,275717020,33071948,,
AT34,5,200,GF75,0,,,0,152274957,11960372,,
AT34,5,200,DA,0,Control,Control-A,0,94952052,9946850,,
AT34,5,200,DA,1,Control,Control-A,48,80536430,7984751,,
AT34,5,200,DA,2,Control,Control-A,72,,,,
AT34,5,200,DA,3,Control,Control-A,96,89243071,11080079,,
AT34,5,200,DA,4,Control,Control-A,120,92628987,11740787,,
AT34,5,200,DA,5,Control,Control-A,144,130599616,15506999,,
AT34,5,200,DA,6,Control,Control-A,888,,,,
AT34,5,200,DA,7,Control,Control-A,1368,,,,
AT34,5,200,DA,8,Control,Control-A,2496,,,,
AT34,5,200,GF75,5,Control,Control-A,144,44486795,6529429,,
AT34,5,200,DB,0,Control,Control-B,0,98781494,12783501,,
AT34,5,200,DB,1,Control,Control-B,48,94631011,11205450,,
AT34,5,200,DB,2,Control,Control-B,72,,,,
AT34,5,200,DB,3,Control,Control-B,96,103762073,12253453,,
AT34,5,200,DB,4,Control,Control-B,120,119257210,13266806,,
AT34,5,200,DB,5,Control,Control-B,144,142499914,14943447,,
AT34,5,200,DB,6,Control,Control-B,888,,,,
AT34,5,200,DB,7,Control,Control-B,1368,,,,
AT34,5,200,DB,8,Control,Control-B,2496,,,,
AT34,5,200,GF75,5,Control,Control-B,144,49937746,3231663,,
AT38,1,5,Niskin,0,,,0,434839256,38488693,,
AT38,1,5,GF75,0,,,0,118385862,9615108,,
AT38,1,5,A,0,Control,Control-A,0,128353357,13091140,,
AT38,1,5,A,1,Control,Control-A,24,183262013,14201586,,
AT38,1,5,A,2,Control,Control-A,48,183611750,17073932,,
AT38,1,5,A,3,Control,Control-A,72,409891373,34771009,,
AT38,1,5,A,4,Control,Control-A,96,491030280,37854944,,
AT38,1,5,A,5,Control,Control-A,120,584060233,54506085,,
AT38,1,5,A,6,Control,Control-A,144,574967080,54160901,,
AT38,1,5,A,7,Control,Control-A,168,524605000,85030695,,
AT38,1,5,A,8,Control,Control-A,192,619733373,79150112,,
AT38,1,5,A,9,Control,Control-A,216,604344960,61440503,,
AT38,1,5,A,10,Control,Control-A,240,671494400,82367750,,
AT38,1,5,A,11,Control,Control-A,360,662168089,89258801,,
AT38,1,5,A,12,Control,Control-A,912,,,,
AT38,1,5,A,13,Control,Control-A,1656,,,,
AT38,1,5,GF75,7,Control,Control-A,168,36022877,2250003,,
AT38,1,5,B,0,Control,Control-B,0,146889400,9030162,,
AT38,1,5,B,1,Control,Control-B,24,155283080,22008415,,
AT38,1,5,B,2,Control,Control-B,48,258105660,27871864,,
AT38,1,5,B,3,Control,Control-B,72,,,,
AT38,1,5,B,4,Control,Control-B,96,384710333,46265812,,
AT38,1,5,B,5,Control,Control-B,120,473893183,50614574,,
AT38,1,5,B,6,Control,Control-B,144,531599733,52769031,,
AT38,1,5,B,7,Control,Control-B,168,741441733,55828184,,
AT38,1,5,B,8,Control,Control-B,192,643515467,94421704,,
AT38,1,5,B,9,Control,Control-B,216,580562867,58707628,,
AT38,1,5,B,10,Control,Control-B,240,595951280,54461185,,
AT38,1,5,B,11,Control,Control-B,360,591054967,45334384,,
AT38,1,5,B,12,Control,Control-B,912,,,,
AT38,1,5,B,13,Control,Control-B,1656,,,,
AT38,1,5,GF75,7,Control,Control-B,168,23869528,5295204,,
AT38,1,200,C,0,MixDS,MixDS-C,0,136397300,8566764,,
AT38,1,200,C,1,MixDS,MixDS-C,24,131850723,10169796,,
AT38,1,200,C,2,MixDS,MixDS-C,48,113314680,13615296,,
AT38,1,200,C,3,MixDS,MixDS-C,72,,,,
AT38,1,200,C,4,MixDS,MixDS-C,96,143741770,14225491,,
AT38,1,200,C,5,MixDS,MixDS-C,120,291680380,20867295,,
AT38,1,200,C,6,MixDS,MixDS-C,144,280488807,27871864,,
AT38,1,200,C,7,MixDS,MixDS-C,168,336621542,37380308,,
AT38,1,200,C,8,MixDS,MixDS-C,192,344140880,23034289,,
AT38,1,200,C,9,MixDS,MixDS-C,216,527402893,49810709,,
AT38,1,200,C,10,MixDS,MixDS-C,240,551184987,56422255,,
AT38,1,200,C,11,MixDS,MixDS-C,360,462818189,57388714,,
AT38,1,200,C,12,MixDS,MixDS-C,912,,,,
AT38,1,200,C,13,MixDS,MixDS-C,1656,,,,
AT38,1,200,GF75,10,MixDS,MixDS-C,240,42667873,4076095,,
AT38,1,200,D,0,MixDS,MixDS-D,0,136747037,10355198,,
AT38,1,200,D,1,MixDS,MixDS-D,24,137446510,19580395,,
AT38,1,200,D,2,MixDS,MixDS-D,48,117861257,16736279,,
AT38,1,200,D,3,MixDS,MixDS-D,72,,,,
AT38,1,200,D,4,MixDS,MixDS-D,96,143042297,16022707,,
AT38,1,200,D,5,MixDS,MixDS-D,120,326654047,38176694,,
AT38,1,200,D,6,MixDS,MixDS-D,144,342741933,30220702,,
AT38,1,200,D,7,MixDS,MixDS-D,168,328752467,17583714,,
AT38,1,200,D,8,MixDS,MixDS-D,192,372819287,49355707,,
AT38,1,200,D,9,MixDS,MixDS-D,216,531599733,46162885,,
AT38,1,200,D,10,MixDS,MixDS-D,240,594552333,64698658,,
AT38,1,200,D,11,MixDS,MixDS-D,360,,,,
AT38,1,200,D,12,MixDS,MixDS-D,912,,,,
AT38,1,200,D,13,MixDS,MixDS-D,1656,,,,
AT38,1,200,GF75,10,MixDS,MixDS-D,240,38995638,4247537,,
AT38,1,200,Niskin,0,,,0,223831467,35206052,,
AT38,1,200,GF75,0,,,0,40482019,3889483,,
AT38,1,200,E,0,Control,Control-E,0,141293613,15916327,,
AT38,1,200,E,1,Control,Control-E,24,131151250,19314839,,
AT38,1,200,E,2,Control,Control-E,48,88483377,8085231,,
AT38,1,200,E,3,Control,Control-E,72,,,,
AT38,1,200,E,4,Control,Control-E,96,108418367,13694919,,
AT38,1,200,E,5,Control,Control-E,120,246914087,19797828,,
AT38,1,200,E,6,Control,Control-E,144,267198813,27150620,,
AT38,1,200,E,7,Control,Control-E,168,232225147,21822372,,
AT38,1,200,E,8,Control,Control-E,192,288183013,29455497,,
AT38,1,200,E,9,Control,Control-E,216,507817640,64966979,,
AT38,1,200,E,10,Control,Control-E,240,601547067,87984243,,
AT38,1,200,E,11,Control,Control-E,360,336446673,33047596,,
AT38,1,200,E,12,Control,Control-E,912,336446673,33047596,,
AT38,1,200,E,13,Control,Control-E,1656,,,,
AT38,1,200,GF75,10,Control,Control-E,240,36547482,3588472,,
AT38,1,200,F,0,Control,Control-F,0,132550197,13028701,,
AT38,1,200,F,1,Control,Control-F,24,115413100,19155866,,
AT38,1,200,F,2,Control,Control-F,48,89182850,13520136,,
AT38,1,200,F,3,Control,Control-F,72,,,,
AT38,1,200,F,4,Control,Control-F,96,127653883,20208876,,
AT38,1,200,F,5,Control,Control-F,120,269297233,29904246,,
AT38,1,200,F,6,Control,Control-F,144,301939322,33178933,,
AT38,1,200,F,7,Control,Control-F,168,244815667,32973489,,
AT38,1,200,F,8,Control,Control-F,192,293079327,30480419,,
AT38,1,200,F,9,Control,Control-F,216,551184987,52839952,,
AT38,1,200,F,10,Control,Control-F,240,609940747,94467752,,
AT38,1,200,F,11,Control,Control-F,360,348337720,27150620,,
AT38,1,200,F,12,Control,Control-F,912,,,,
AT38,1,200,F,13,Control,Control-F,1656,,,,
AT38,1,200,GF75,10,Control,Control-F,240,39869980,5068166,,
AT38,1,5,G,0,MixSD,MixSD-G,0,135348090,7195855,,
AT38,1,5,G,1,MixSD,MixSD-G,24,150386767,12981676,,
AT38,1,5,G,2,MixSD,MixSD-G,48,157031763,20019688,,
AT38,1,5,G,3,MixSD,MixSD-G,72,,,,
AT38,1,5,G,4,MixSD,MixSD-G,96,474476078,39648250,,
AT38,1,5,G,5,MixSD,MixSD-G,120,565407611,44391918,,
AT38,1,5,G,6,MixSD,MixSD-G,144,902320600,63425773,,
AT38,1,5,G,7,MixSD,MixSD-G,168,681287027,81318267,,
AT38,1,5,G,8,MixSD,MixSD-G,192,656105987,60603084,,
AT38,1,5,G,9,MixSD,MixSD-G,216,701222017,92696712,,
AT38,1,5,G,10,MixSD,MixSD-G,240,665898613,67960593,,
AT38,1,5,G,11,MixSD,MixSD-G,360,382611913,41322242,,
AT38,1,5,G,12,MixSD,MixSD-G,912,,,,
AT38,1,5,G,13,MixSD,MixSD-G,1656,,,,
AT38,1,5,GF75,7,MixSD,MixSD-G,168,134211446,12878208,,
AT38,1,5,H,0,MixSD,MixSD-H,0,134298880,11796954,,
AT38,1,5,H,1,MixSD,MixSD-H,24,141293613,19240815,,
AT38,1,5,H,2,MixSD,MixSD-H,48,166474653,14672276,,
AT38,1,5,H,3,MixSD,MixSD-H,72,,,,
AT38,1,5,H,4,MixSD,MixSD-H,96,469812922,37695844,,
AT38,1,5,H,5,MixSD,MixSD-H,120,566573400,49215380,,
AT38,1,5,H,6,MixSD,MixSD-H,144,697724650,55574026,,
AT38,1,5,H,7,MixSD,MixSD-H,168,705069120,76680202,,
AT38,1,5,H,8,MixSD,MixSD-H,192,728851213,71164704,,
AT38,1,5,H,9,MixSD,MixSD-H,216,765923300,64277164,,
AT38,1,5,H,10,MixSD,MixSD-H,240,742840680,63750641,,
AT38,1,5,H,11,MixSD,MixSD-H,360,311965107,41994298,,
AT38,1,5,H,12,MixSD,MixSD-H,912,,,,
AT38,1,5,H,13,MixSD,MixSD-H,1656,,,,
AT38,1,5,GF75,7,MixSD,MixSD-H,168,131588421,10598826,,
AT38,1,5,I,0,SynExd,SynExd-I,0,134998353,12137648,,
AT38,1,5,I,1,SynExd,SynExd-I,24,165075707,12092777,,
AT38,1,5,I,2,SynExd,SynExd-I,48,456989244,19661590,,
AT38,1,5,I,3,SynExd,SynExd-I,72,,,,
AT38,1,5,I,4,SynExd,SynExd-I,96,1015985017,86240804,,
AT38,1,5,I,5,SynExd,SynExd-I,120,1388454567,108173651,,
AT38,1,5,I,6,SynExd,SynExd-I,144,,,,
AT38,1,5,I,7,SynExd,SynExd-I,168,1661249167,125829617,,
AT38,1,5,I,8,SynExd,SynExd-I,192,600148120,64090828,,
AT38,1,5,I,9,SynExd,SynExd-I,216,546988147,40357180,,
AT38,1,5,I,10,SynExd,SynExd-I,240,607142853,73198175,,
AT38,1,5,I,11,SynExd,SynExd-I,360,546754989,47735698,,
AT38,1,5,I,12,SynExd,SynExd-I,912,,,,
AT38,1,5,I,13,SynExd,SynExd-I,1656,,,,
AT38,1,5,GF75,5,SynExd,SynExd-I,120,91805875,9739164,,
AT38,1,5,J,0,SynExd,SynExd-J,0,135348090,10169796,,
AT38,1,5,J,1,SynExd,SynExd-J,24,167873600,14372811,,
AT38,1,5,J,2,SynExd,SynExd-J,48,130801513,9355410,,
AT38,1,5,J,3,SynExd,SynExd-J,72,,,,
AT38,1,5,J,4,SynExd,SynExd-J,96,867346933,54804478,,
AT38,1,5,J,5,SynExd,SynExd-J,120,1465396633,175605114,,
AT38,1,5,J,6,SynExd,SynExd-J,144,,,,
AT38,1,5,J,7,SynExd,SynExd-J,168,1682233367,133379700,,
AT38,1,5,J,8,SynExd,SynExd-J,192,566573400,57585723,,
AT38,1,5,J,9,SynExd,SynExd-J,216,720457533,73213027,,
AT38,1,5,J,10,SynExd,SynExd-J,240,759628040,69495100,,
AT38,1,5,J,11,SynExd,SynExd-J,360,629526000,51845212,,
AT38,1,5,J,12,SynExd,SynExd-J,912,,,,
AT38,1,5,J,13,SynExd,SynExd-J,1656,,,,
AT38,1,5,GF75,5,SynExd,SynExd-J,120,91805875,9739164,,
AT38,1,5,K,0,TWExd,TWExd-K,0,138145983,13520136,,
AT38,1,5,K,1,TWExd,TWExd-K,24,161578340,10530888,,
AT38,1,5,K,2,TWExd,TWExd-K,48,403362956,33518542,,
AT38,1,5,K,3,TWExd,TWExd-K,72,,,,
AT38,1,5,K,4,TWExd,TWExd-K,96,586391811,39265536,,
AT38,1,5,K,5,TWExd,TWExd-K,120,744939100,55624950,,
AT38,1,5,K,6,TWExd,TWExd-K,144,,,,
AT38,1,5,K,7,TWExd,TWExd-K,168,646313360,74843283,,
AT38,1,5,K,8,TWExd,TWExd-K,192,791803813,71393505,,
AT38,1,5,K,9,TWExd,TWExd-K,216,709965433,44544731,,
AT38,1,5,K,10,TWExd,TWExd-K,240,761026987,70781725,,
AT38,1,5,K,11,TWExd,TWExd-K,360,479139233,45467427,,
AT38,1,5,K,12,TWExd,TWExd-K,912,,,,
AT38,1,5,K,13,TWExd,TWExd-K,1656,,,,
AT38,1,5,GF75,5,TWExd,TWExd-K,120,102880869,11742587,,
AT38,1,5,L,0,TWExd,TWExd-L,0,136747037,9676750,,
AT38,1,5,L,1,TWExd,TWExd-L,24,181513330,14602640,,
AT38,1,5,L,2,TWExd,TWExd-L,48,382378756,52366865,,
AT38,1,5,L,3,TWExd,TWExd-L,72,,,,
AT38,1,5,L,4,TWExd,TWExd-L,96,585226022,34670108,,
AT38,1,5,L,5,TWExd,TWExd-L,120,690147022,50006772,,
AT38,1,5,L,6,TWExd,TWExd-L,144,,,,
AT38,1,5,L,7,TWExd,TWExd-L,168,646313360,72781088,,
AT38,1,5,L,8,TWExd,TWExd-L,192,692478600,61599561,,
AT38,1,5,L,9,TWExd,TWExd-L,216,718708850,41586159,,
AT38,1,5,L,10,TWExd,TWExd-L,240,749835413,74668756,,
AT38,1,5,L,11,TWExd,TWExd-L,360,530433944,51917978,,
AT38,1,5,L,12,TWExd,TWExd-L,912,,,,
AT38,1,5,L,13,TWExd,TWExd-L,1656,,,,
AT38,1,5,GF75,5,TWExd,TWExd-L,120,102880869,11742587,,
AT38,1,5,M,0,SynLys,SynLys-M,0,151785713,13002597,,
AT38,1,5,M,1,SynLys,SynLys-M,24,197601217,13007822,,
AT38,1,5,M,2,SynLys,SynLys-M,48,904652178,95217988,,
AT38,1,5,M,3,SynLys,SynLys-M,72,1077188933,100013545,,
AT38,1,5,M,4,SynLys,SynLys-M,96,1541172911,112866990,,
AT38,1,5,M,5,SynLys,SynLys-M,120,2521989963,172282561,,
AT38,1,5,M,6,SynLys,SynLys-M,144,,,,
AT38,1,5,M,7,SynLys,SynLys-M,168,1832620133,230932157,,
AT38,1,5,M,8,SynLys,SynLys-M,192,1566820267,88477156,,
AT38,1,5,M,9,SynLys,SynLys-M,216,995583711,72948540,,
AT38,1,5,M,10,SynLys,SynLys-M,240,566573400,44848794,,
AT38,1,5,M,11,SynLys,SynLys-M,360,687815444,50067130,,
AT38,1,5,M,12,SynLys,SynLys-M,912,,,,
AT38,1,5,M,13,SynLys,SynLys-M,1656,,,,
AT38,1,5,GF75,5,SynLys,SynLys-M,120,163939063,9937025,,
AT38,1,5,N,0,SynLys,SynLys-N,0,135348090,11779661,,
AT38,1,5,N,1,SynLys,SynLys-N,24,180813857,11546608,,
AT38,1,5,N,2,SynLys,SynLys-N,48,911064017,100437297,,
AT38,1,5,N,3,SynLys,SynLys-N,72,1647648296,113220243,,
AT38,1,5,N,4,SynLys,SynLys-N,96,,,,
AT38,1,5,N,5,SynLys,SynLys-N,120,2506446111,363498551,,
AT38,1,5,N,6,SynLys,SynLys-N,144,,,,
AT38,1,5,N,7,SynLys,SynLys-N,168,2014483200,221315740,,
AT38,1,5,N,8,SynLys,SynLys-N,192,1360475633,99536800,,
AT38,1,5,N,9,SynLys,SynLys-N,216,1044546844,111439770,,
AT38,1,5,N,10,SynLys,SynLys-N,240,692478600,39705339,,
AT38,1,5,N,11,SynLys,SynLys-N,360,615536533,64041801,,
AT38,1,5,N,12,SynLys,SynLys-N,912,,,,
AT38,1,5,N,13,SynLys,SynLys-N,1656,,,,
AT38,1,5,GF75,5,SynLys,SynLys-N,120,163939063,9937025,,
AT38,1,200,O,0,SynLys,SynLys-O,0,140594140,14066971,,
AT38,1,200,O,1,SynLys,SynLys-O,24,117161783,16090421,,
AT38,1,200,O,2,SynLys,SynLys-O,48,713462800,115348316,,
AT38,1,200,O,3,SynLys,SynLys-O,72,,,,
AT38,1,200,O,4,SynLys,SynLys-O,96,982760033,104856214,,
AT38,1,200,O,5,SynLys,SynLys-O,120,1184108429,93619305,,
AT38,1,200,O,6,SynLys,SynLys-O,144,,,,
AT38,1,200,O,7,SynLys,SynLys-O,168,1273041467,167844813,,
AT38,1,200,O,8,SynLys,SynLys-O,192,1220580967,127119109,,
AT38,1,200,O,9,SynLys,SynLys-O,216,1079520511,56098018,,
AT38,1,200,O,10,SynLys,SynLys-O,240,1045712633,150833441,,
AT38,1,200,O,11,SynLys,SynLys-O,360,977513983,91218790,,
AT38,1,200,O,12,SynLys,SynLys-O,912,,,,
AT38,1,200,O,13,SynLys,SynLys-O,1656,,,,
AT38,1,200,GF75,5,SynLys,SynLys-O,120,24569001,3013344,,
AT38,1,200,P,0,SynLys,SynLys-P,0,131500987,13714752,,
AT38,1,200,P,1,SynLys,SynLys-P,24,118560730,15417531,,
AT38,1,200,P,2,SynLys,SynLys-P,48,879587717,114831685,,
AT38,1,200,P,3,SynLys,SynLys-P,72,,,,
AT38,1,200,P,4,SynLys,SynLys-P,96,965273200,67374126,,
AT38,1,200,P,5,SynLys,SynLys-P,120,1189104667,92875693,,
AT38,1,200,P,6,SynLys,SynLys-P,144,,,,
AT38,1,200,P,7,SynLys,SynLys-P,168,1249725689,102046305,,
AT38,1,200,P,8,SynLys,SynLys-P,192,1426925600,131687711,,
AT38,1,200,P,9,SynLys,SynLys-P,216,925636378,47972366,,
AT38,1,200,P,10,SynLys,SynLys-P,240,1052707367,134647355,,
AT38,1,200,P,11,SynLys,SynLys-P,360,891828500,59443803,,
AT38,1,200,P,12,SynLys,SynLys-P,912,,,,
AT38,1,200,P,13,SynLys,SynLys-P,1656,,,,
AT38,1,200,GF75,5,SynLys,SynLys-P,120,24569001,3013344,,
AT38,2,5,Niskin,0,,,0,420000000,65256415,,
AT38,2,5,GF75,0,,,0,187546288,20239326,,
AT38,2,5,A,0,Control,Control-A,0,135348090,5226584,,
AT38,2,5,A,1,Control,Control-A,24,249012507,26213405,,
AT38,2,5,A,2,Control,Control-A,48,396601380,30940661,,
AT38,2,5,A,3,Control,Control-A,72,404995060,43300858,,
AT38,2,5,A,4,Control,Control-A,96,558412878,187450894,,
AT38,2,5,A,5,Control,Control-A,120,730250160,70965813,,
AT38,2,5,A,6,Control,Control-A,144,823979587,59150433,,
AT38,2,5,A,7,Control,Control-A,168,861751147,56035532,,
AT38,2,5,A,8,Control,Control-A,192,1091178400,113054144,,
AT38,2,5,A,9,Control,Control-A,216,1098173133,79600610,,
AT38,2,5,A,10,Control,Control-A,240,1198430978,181670327,,
AT38,2,5,A,11,Control,Control-A,264,1310346711,70205920,,
AT38,2,5,A,12,Control,Control-A,360,1416433500,109670935,,
AT38,2,5,A,13,Control,Control-A,888,,,,
AT38,2,5,A,14,Control,Control-A,1632,,,,
AT38,2,5,GF75,7,Control,Control-A,168,245690008,25372467,,
AT38,2,5,B,0,Control,Control-B,0,95827847,18000022,,
AT38,2,5,B,1,Control,Control-B,24,139894667,17756767,,
AT38,2,5,B,2,Control,Control-B,48,321757733,13595318,,
AT38,2,5,B,3,Control,Control-B,72,463051347,40491659,,
AT38,2,5,B,4,Control,Control-B,96,519708687,49903391,,
AT38,2,5,B,5,Control,Control-B,120,765223827,77203043,,
AT38,2,5,B,6,Control,Control-B,144,801596440,55977293,,
AT38,2,5,B,7,Control,Control-B,168,833772213,48996430,,
AT38,2,5,B,8,Control,Control-B,192,1135478378,143749118,,
AT38,2,5,B,9,Control,Control-B,216,1130815222,128295643,,
AT38,2,5,B,10,Control,Control-B,240,1387288778,128765592,,
AT38,2,5,B,11,Control,Control-B,264,1172783622,120927771,,
AT38,2,5,B,12,Control,Control-B,360,1377962467,144754076,,
AT38,2,5,B,13,Control,Control-B,888,,,,
AT38,2,5,B,14,Control,Control-B,1632,,,,
AT38,2,5,GF75,7,Control,Control-B,168,204013056,16600841,,
AT38,3,5,Niskin,0,,,0,713462800,86159783,,
AT38,3,5,GF75,0,,,0,253267636,16397774,,
AT38,3,5,A,0,Control,Control-A,0,186409643,17988693,,
AT38,3,5,A,1,Control,Control-A,24,325255100,38488693,,
AT38,3,5,A,2,Control,Control-A,48,397300853,40357180,,
AT38,3,5,A,3,Control,Control-A,72,534397627,76566685,,
AT38,3,5,A,4,Control,Control-A,96,674292293,50997101,,
AT38,3,5,A,5,Control,Control-A,120,930299533,101601398,,
AT38,3,5,A,6,Control,Control-A,144,944289000,126875352,,
AT38,3,5,A,7,Control,Control-A,168,1007241600,120301782,,
AT38,3,5,A,8,Control,Control-A,192,1301020400,195938869,,
AT38,3,5,A,9,Control,Control-A,216,1121955227,54700226,,
AT38,3,5,A,10,Control,Control-A,240,1010039493,96201249,,
AT38,3,5,A,11,Control,Control-A,336,,,,
AT38,3,5,A,12,Control,Control-A,840,,,,
AT38,3,5,A,13,Control,Control-A,1584,,,,
AT38,3,5,GF75,5,Control,Control-A,120,232137713,18136590,,
AT38,3,5,B,0,Control,Control-B,0,154933343,15204497,,
AT38,3,5,B,1,Control,Control-B,24,391705067,35206052,,
AT38,3,5,B,2,Control,Control-B,48,481237653,15038225,,
AT38,3,5,B,3,Control,Control-B,72,665898613,75824687,,
AT38,3,5,B,4,Control,Control-B,96,734447000,54878823,,
AT38,3,5,B,5,Control,Control-B,120,674292293,69729380,,
AT38,3,5,B,6,Control,Control-B,144,693877547,59790311,,
AT38,3,5,B,7,Control,Control-B,168,775016453,60152899,,
AT38,3,5,B,8,Control,Control-B,192,744239627,67832486,,
AT38,3,5,B,9,Control,Control-B,216,948485840,55489592,,
AT38,3,5,B,10,Control,Control-B,240,903719547,77526276,,
AT38,3,5,B,11,Control,Control-B,336,857554307,54000066,,
AT38,3,5,B,12,Control,Control-B,840,,,,
AT38,3,5,B,13,Control,Control-B,1584,,,,
AT38,3,5,GF75,5,Control,Control-B,120,131807006,16838803,,
AT38,3,5,C,0,SynLys,SynLys-C,0,222432520,13813492,,
AT38,3,5,C,1,SynLys,SynLys-C,24,309866687,29316751,,
AT38,3,5,C,2,SynLys,SynLys-C,48,495227120,33594144,,
AT38,3,5,C,3,SynLys,SynLys-C,72,833772213,120918780,,
AT38,3,5,C,4,SynLys,SynLys-C,96,951283733,89697588,,
AT38,3,5,C,5,SynLys,SynLys-C,120,1028225800,99801939,,
AT38,3,5,C,6,SynLys,SynLys-C,144,1242730956,103719547,,
AT38,3,5,C,7,SynLys,SynLys-C,168,1189104667,111005306,,
AT38,3,5,C,8,SynLys,SynLys-C,192,888331133,87550668,,
AT38,3,5,C,9,SynLys,SynLys-C,216,868745880,103738181,,
AT38,3,5,C,10,SynLys,SynLys-C,240,913512173,68549973,,
AT38,3,5,C,11,SynLys,SynLys-C,336,,,,
AT38,3,5,C,12,SynLys,SynLys-C,840,,,,
AT38,3,5,C,13,SynLys,SynLys-C,1584,,,,
AT38,3,5,GF75,5,SynLys,SynLys-C,120,281975188,30584605,,
AT38,3,5,D,0,SynLys,SynLys-D,0,155982553,11326765,,
AT38,3,5,D,1,SynLys,SynLys-D,24,377016127,47032033,,
AT38,3,5,D,2,SynLys,SynLys-D,48,405694533,52343791,,
AT38,3,5,D,3,SynLys,SynLys-D,72,872942720,74376966,,
AT38,3,5,D,4,SynLys,SynLys-D,96,991503450,99962574,,
AT38,3,5,D,5,SynLys,SynLys-D,120,862100883,97901976,,
AT38,3,5,D,6,SynLys,SynLys-D,144,994651080,89077257,,
AT38,3,5,D,7,SynLys,SynLys-D,168,765923300,46485604,,
AT38,3,5,D,8,SynLys,SynLys-D,192,1019832120,89564155,,
AT38,3,5,D,9,SynLys,SynLys-D,216,993252133,71636755,,
AT38,3,5,D,10,SynLys,SynLys-D,240,826777480,61316506,,
AT38,3,5,D,11,SynLys,SynLys-D,336,1012837387,72900499,,
AT38,3,5,D,12,SynLys,SynLys-D,840,,,,
AT38,3,5,D,13,SynLys,SynLys-D,1584,,,,
AT38,3,5,GF75,5,SynLys,SynLys-D,120,110822806,12995164,,
AT38,4,5,Niskin,0,,,0,623697056,68694769,,
AT38,4,5,GF75,0,,,0,240006788,20859356,,
AT38,4,5,A,0,Control,Control-A,0,196901743,19510862,,
AT38,4,5,A,1,Control,Control-A,24,269297233,51321199,,
AT38,4,5,A,2,Control,Control-A,48,367223500,54804478,,
AT38,4,5,A,3,Control,Control-A,72,777814347,45307062,,
AT38,4,5,A,4,Control,Control-A,96,,,,
AT38,4,5,A,5,Control,Control-A,120,745638573,63614056,,
AT38,4,5,A,6,Control,Control-A,144,761026987,74959410,,
AT38,4,5,A,7,Control,Control-A,168,661002300,82762801,,
AT38,4,5,A,8,Control,Control-A,192,913512173,73450251,,
AT38,4,5,A,9,Control,Control-A,216,982760033,72710095,,
AT38,4,5,A,10,Control,Control-A,240,968770567,130911396,,
AT38,4,5,A,11,Control,Control-A,264,1102836289,96478373,,
AT38,4,5,A,12,Control,Control-A,288,1102836289,96478373,,
AT38,4,5,A,13,Control,Control-A,792,,,,
AT38,4,5,A,14,Control,Control-A,1536,,,,
AT38,4,5,GF75,7,Control,Control-A,168,256619279,24990643,,
AT38,4,5,B,0,Control,Control-B,0,261603027,49372226,,
AT38,4,5,B,1,Control,Control-B,24,295877220,24686113,,
AT38,4,5,B,2,Control,Control-B,48,395901907,32675380,,
AT38,4,5,B,3,Control,Control-B,72,628127053,46840928,,
AT38,4,5,B,4,Control,Control-B,96,,,,
AT38,4,5,B,5,Control,Control-B,120,949884787,98358321,,
AT38,4,5,B,6,Control,Control-B,144,926102693,87438830,,
AT38,4,5,B,7,Control,Control-B,168,826777480,99019339,,
AT38,4,5,B,8,Control,Control-B,192,775016453,58317417,,
AT38,4,5,B,9,Control,Control-B,216,924703747,117683487,,
AT38,4,5,B,10,Control,Control-B,240,1014236333,74098701,,
AT38,4,5,B,11,Control,Control-B,264,1193767822,110350401,,
AT38,4,5,B,12,Control,Control-B,288,1219415178,151920777,,
AT38,4,5,B,13,Control,Control-B,792,,,,
AT38,4,5,B,14,Control,Control-B,1536,,,,
AT38,4,5,GF75,7,Control,Control-B,168,306019583,32191398,,
AT38,5,5,Niskin,0,,,0,1811635933,134748252,,
AT38,5,5,GF75,0,,,0,338807396,33816042,,
AT38,5,5,A,0,Control,Control-A,0,384710333,35513535,,
AT38,5,5,A,1,Control,Control-A,24,363026660,17275717,,
AT38,5,5,A,2,Control,Control-A,48,318260367,40819262,,
AT38,5,5,A,3,Control,Control-A,72,681287027,47118643,,
AT38,5,5,A,4,Control,Control-A,96,761026987,127909940,,
AT38,5,5,A,5,Control,Control-A,120,766622773,103601842,,
AT38,5,5,A,6,Control,Control-A,144,753682517,51775991,,
AT38,5,5,A,7,Control,Control-A,168,848111417,82124015,,
AT38,5,5,A,8,Control,Control-A,192,830624583,105968222,,
AT38,5,5,A,9,Control,Control-A,216,1335994067,118913007,,
AT38,5,5,A,10,Control,Control-A,240,1231073067,110350401,,
AT38,5,5,A,11,Control,Control-A,264,1305683556,132806728,,
AT38,5,5,A,12,Control,Control-A,744,,,,
AT38,5,5,A,13,Control,Control-A,1488,,,,
AT38,5,5,GF75,7,Control,Control-A,168,210279171,21950639,,
AT38,5,5,B,0,Control,Control-B,0,386109280,33105120,,
AT38,5,5,B,1,Control,Control-B,24,341342987,28707773,,
AT38,5,5,B,2,Control,Control-B,48,395901907,24938075,,
AT38,5,5,B,3,Control,Control-B,72,958278467,78930021,,
AT38,5,5,B,4,Control,Control-B,96,963524517,106352282,,
AT38,5,5,B,5,Control,Control-B,120,963874253,78709314,,
AT38,5,5,B,6,Control,Control-B,144,1024028960,110900781,,
AT38,5,5,B,7,Control,Control-B,168,1287030933,81571907,,
AT38,5,5,B,8,Control,Control-B,192,995000817,98731376,,
AT38,5,5,B,9,Control,Control-B,216,939042950,108126527,,
AT38,5,5,B,10,Control,Control-B,240,1077188933,103683143,,
AT38,5,5,B,11,Control,Control-B,264,1147136267,61245538,,
AT38,5,5,B,12,Control,Control-B,744,,,,
AT38,5,5,B,13,Control,Control-B,1488,,,,
AT38,5,5,GF75,7,Control,Control-B,168,230826200,19437585,,
AT38,6,5,Niskin,0,,,0,1405941400,189752809,,
AT38,6,5,GF75,0,,,0,411814925,66772588,,
AT38,6,5,A,0,Control,Control-A,0,421782420,,,
AT38,6,5,A,1,Control,Control-A,24,,,,
AT38,6,5,A,2,Control,Control-A,48,538594467,39705339,,
AT38,6,5,A,3,Control,Control-A,72,773617507,63271306,,
AT38,6,5,A,4,Control,Control-A,96,959677413,98744452,,
AT38,6,5,A,5,Control,Control-A,120,1140141533,91200165,,
AT38,6,5,A,6,Control,Control-A,144,1301020400,138941518,,
AT38,6,5,A,7,Control,Control-A,168,1381459833,74646911,,
AT38,6,5,A,8,Control,Control-A,192,1387288778,168222255,,
AT38,6,5,A,9,Control,Control-A,672,,,,
AT38,6,5,A,10,Control,Control-A,1416,,,,
AT38,6,5,GF75,8,Control,Control-A,192,260990988,17000394,,
AT38,6,5,B,0,Control,Control-B,0,421782420,,,
AT38,6,5,B,1,Control,Control-B,24,,,,
AT38,6,5,B,2,Control,Control-B,48,605743907,51103590,,
AT38,6,5,B,3,Control,Control-B,72,770819613,49548085,,
AT38,6,5,B,4,Control,Control-B,96,853357467,50223722,,
AT38,6,5,B,5,Control,Control-B,120,961076360,89951775,,
AT38,6,5,B,6,Control,Control-B,144,1592467622,78531072,,
AT38,6,5,B,7,Control,Control-B,168,1909562200,140088830,,
AT38,6,5,B,8,Control,Control-B,192,1552830800,108917934,,
AT38,6,5,B,9,Control,Control-B,672,,,,
AT38,6,5,B,10,Control,Control-B,1416,,,,
AT38,6,5,GF75,8,Control,Control-B,192,309516950,19420097,,
AT38,6,5,C,0,SynLys,SynLys-C,0,421782420,,,
AT38,6,5,C,1,SynLys,SynLys-C,24,,,,
AT38,6,5,C,2,SynLys,SynLys-C,48,756830147,63064761,,
AT38,6,5,C,3,SynLys,SynLys-C,72,1305683556,163764641,,
AT38,6,5,C,4,SynLys,SynLys-C,96,2023809511,169848146,,
AT38,6,5,C,5,SynLys,SynLys-C,120,2294272533,241292955,,
AT38,6,5,C,6,SynLys,SynLys-C,144,2301267267,133735854,,
AT38,6,5,C,7,SynLys,SynLys-C,168,2283780433,202626048,,
AT38,6,5,C,8,SynLys,SynLys-C,192,2353727767,200603782,,
AT38,6,5,C,9,SynLys,SynLys-C,672,,,,
AT38,6,5,C,10,SynLys,SynLys-C,1416,,,,
AT38,6,5,GF75,8,SynLys,SynLys-C,192,280226504,21362306,,
AT38,6,5,D,0,SynLys,SynLys-D,0,421782420,,,
AT38,6,5,D,1,SynLys,SynLys-D,24,,,,
AT38,6,5,D,2,SynLys,SynLys-D,48,660302827,42636647,,
AT38,6,5,D,3,SynLys,SynLys-D,72,1629772867,104946903,,
AT38,6,5,D,4,SynLys,SynLys-D,96,1914225356,88919800,,
AT38,6,5,D,5,SynLys,SynLys-D,120,2305930422,121625054,,
AT38,6,5,D,6,SynLys,SynLys-D,144,2476135600,279205830,,
AT38,6,5,D,7,SynLys,SynLys-D,168,2388701433,154703304,,
AT38,6,5,D,8,SynLys,SynLys-D,192,2388701433,154703304,,
AT38,6,5,D,9,SynLys,SynLys-D,672,,,,
AT38,6,5,D,10,SynLys,SynLys-D,1416,,,,
AT38,6,5,GF75,8,SynLys,SynLys-D,192,163501892,12737277,,
AT38,U,5,1L,0,,,0,1254388844,73566934,,
AT38,U,5,100mls,0,,,0,110749944,4953650,,
AT38,U,5,250mls,0,,,0,255307767,26647904,,
AT38,U,5,500mls,0,,,0,460778058,31403354,,
AT39,1,10,Niskin,0,,,0,142692560,10121423,,
AT39,1,10,GF75,0,,,0,73911016,7127326,,
AT39,1,10,A,0,Control,Control-A,0,130102040,13168771,,
AT39,1,10,A,1,Control,Control-A,24,171370967,19507379,,
AT39,1,10,A,2,Control,Control-A,48,201798057,16897908,,
AT39,1,10,A,3,Control,Control-A,72,234323567,28268878,,
AT39,1,10,A,4,Control,Control-A,96,379814020,31463344,,
AT39,1,10,A,5,Control,Control-A,120,461652400,44238578,,
AT39,1,10,A,6,Control,Control-A,144,431575047,30587244,,
AT39,1,10,A,7,Control,Control-A,168,608541800,31454704,,
AT39,1,10,A,8,Control,Control-A,192,605044433,40685865,633722840,49482211
AT39,1,10,A,9,Control,Control-A,384,,,,
AT39,1,10,A,10,Control,Control-A,864,,,477740287,46050875
AT39,1,10,A,11,Control,Control-A,2016,,,259854343,20792262
AT39,1,10,GF75,8,Control,Control-A,192,192588324,19544501,,
AT39,1,10,B,0,Control,Control-B,0,126604673,10530888,,
AT39,1,10,B,1,Control,Control-B,24,180813857,15114847,,
AT39,1,10,B,2,Control,Control-B,48,189557273,19141671,,
AT39,1,10,B,3,Control,Control-B,72,240618827,17432345,,
AT39,1,10,B,4,Control,Control-B,96,366524027,29344553,,
AT39,1,10,B,5,Control,Control-B,120,488931860,57059382,,
AT39,1,10,B,6,Control,Control-B,144,462351873,33537459,,
AT39,1,10,B,7,Control,Control-B,168,601547067,47325860,,
AT39,1,10,B,8,Control,Control-B,192,626728107,41734591,588257073,37804648
AT39,1,10,B,9,Control,Control-B,384,,,,
AT39,1,10,B,10,Control,Control-B,864,,,516910793,26675940
AT39,1,10,B,11,Control,Control-B,2016,,,258805133,12447219
AT39,1,10,GF75,8,Control,Control-B,192,194453587,19667733,,
AT39,2,10,Niskin,0,,,0,842865367,66867927,,
AT39,2,10,GF75,0,,,0,204013056,23935765,,
AT39,2,200,Niskin,0,,,0,182212803,20883571,,
AT39,2,200,GF75,0,,,0,99092056,15784856,,
AT39,2,10,A,0,Control,Control-A,0,198650427,21483437,,
AT39,2,10,A,1,Control,Control-A,24,378415073,17275717,,
AT39,2,10,A,2,Control,Control-A,48,481937127,35275470,,
AT39,2,10,A,3,Control,Control-A,72,600148120,26747171,,
AT39,2,10,A,4,Control,Control-A,96,619033900,50202671,,
AT39,2,10,A,5,Control,Control-A,120,802645650,108565557,,
AT39,2,10,A,6,Control,Control-A,144,1135478378,62223963,1067862622,61980805
AT39,2,10,A,7,Control,Control-A,360,,,,
AT39,2,10,A,8,Control,Control-A,840,,,584060233,54250604
AT39,2,10,A,9,Control,Control-A,1992,,,217885943,10302567
AT39,2,10,GF75,6,Control,Control-A,144,143625191,14212216,,
AT39,2,10,B,0,Control,Control-B,0,202847267,21747510,,
AT39,2,10,B,1,Control,Control-B,24,404995060,44660519,,
AT39,2,10,B,2,Control,Control-B,48,460253453,34235312,,
AT39,2,10,B,3,Control,Control-B,72,626028633,54705195,,
AT39,2,10,B,4,Control,Control-B,96,617868111,35615439,,
AT39,2,10,B,5,Control,Control-B,120,723954900,61245538,,
AT39,2,10,B,6,Control,Control-B,144,1142473111,63139425,1044546844,82103326
AT39,2,10,B,7,Control,Control-B,360,,,,
AT39,2,10,B,8,Control,Control-B,840,,,572402344,51097088
AT39,2,10,B,9,Control,Control-B,1992,,,240618827,15967478
AT39,2,10,GF75,6,Control,Control-B,144,154117291,14222837,,
AT39,2,10,C,0,TW5,TW5-C,0,218935153,23269100,,
AT39,2,10,C,1,TW5,TW5-C,24,451859773,40812602,,
AT39,2,10,C,2,TW5,TW5-C,48,825378533,59646683,,
AT39,2,10,C,3,TW5,TW5-C,72,1601793933,151821345,,
AT39,2,10,C,4,TW5,TW5-C,96,1591301833,159205963,,
AT39,2,10,C,5,TW5,TW5-C,120,2231319933,187833156,,
AT39,2,10,C,6,TW5,TW5-C,144,1808138567,96204075,1664746533,94995701
AT39,2,10,C,7,TW5,TW5-C,360,,,,
AT39,2,10,C,8,TW5,TW5-C,840,,,669162822,58470508
AT39,2,10,C,9,TW5,TW5-C,1992,,,222782257,20262605
AT39,2,10,GF75,6,TW5,TW5-C,144,149454136,8035585,,
AT39,2,10,D,0,TW5,TW5-D,0,207743580,16748455,,
AT39,2,10,D,1,TW5,TW5-D,24,423181367,35551783,,
AT39,2,10,D,2,TW5,TW5-D,48,891828500,83389904,,
AT39,2,10,D,3,TW5,TW5-D,72,1517857133,124690373,,
AT39,2,10,D,4,TW5,TW5-D,96,1741688600,225332246,,
AT39,2,10,D,5,TW5,TW5-D,120,1776662267,240503124,,
AT39,2,10,D,6,TW5,TW5-D,144,1773164900,93335944,1626275500,157489406
AT39,2,10,D,7,TW5,TW5-D,360,,,,
AT39,2,10,D,8,TW5,TW5-D,840,,,610873378,60998479
AT39,2,10,D,9,TW5,TW5-D,1992,,,242717247,19797828
AT39,2,10,GF75,6,TW5,TW5-D,144,159246762,15310891,,
AT39,2,10,E,0,TW10,TW10-E,0,219634627,16052367,,
AT39,2,10,E,1,TW10,TW10-E,24,399399273,31704314,,
AT39,2,10,E,2,TW10,TW10-E,48,1426925600,152713895,,
AT39,2,10,E,3,TW10,TW10-E,72,1584307100,122324534,,
AT39,2,10,E,4,TW10,TW10-E,96,2203341000,142779396,,
AT39,2,10,E,5,TW10,TW10-E,120,2213833100,250603941,2830000000,350900519
AT39,2,10,E,6,TW10,TW10-E,144,,,,
AT39,2,10,E,7,TW10,TW10-E,360,,,,
AT39,2,10,E,8,TW10,TW10-E,840,,,744939100,42015149
AT39,2,10,E,9,TW10,TW10-E,1992,,,246214613,20472793
AT39,2,10,GF75,5,TW10,TW10-E,120,505952378,39705339,,
AT39,2,10,F,0,TW10,TW10-F,0,219634627,16052367,,
AT39,2,10,F,1,TW10,TW10-F,24,423880840,26828346,,
AT39,2,10,F,2,TW10,TW10-F,48,1605291300,281460166,,
AT39,2,10,F,3,TW10,TW10-F,72,1832620133,214454463,,
AT39,2,10,F,4,TW10,TW10-F,96,2052954233,209874381,,
AT39,2,10,F,5,TW10,TW10-F,120,1951530600,257953020,,
AT39,2,10,F,6,TW10,TW10-F,144,,,,
AT39,2,10,F,7,TW10,TW10-F,360,,,,
AT39,2,10,F,8,TW10,TW10-F,840,,,640018100,52553968
AT39,2,10,F,9,TW10,TW10-F,1992,,,240269090,31672148
AT39,2,10,GF75,5,TW10,TW10-F,120,535097100,40552030,,
AT39,2,10,G,0,TW15,TW15-G,0,226629360,16052367,,
AT39,2,10,G,1,TW15,TW15-G,24,362327187,17695431,,
AT39,2,10,G,2,TW15,TW15-G,48,2430669833,224395435,,
AT39,2,10,G,3,TW15,TW15-G,72,2755924933,368949622,2755924933,216723886
AT39,2,10,G,4,TW15,TW15-G,96,,,,
AT39,2,10,G,5,TW15,TW15-G,120,,,,
AT39,2,10,G,6,TW15,TW15-G,144,,,,
AT39,2,10,G,7,TW15,TW15-G,360,,,,
AT39,2,10,G,8,TW15,TW15-G,840,,,641183889,99680820
AT39,2,10,G,9,TW15,TW15-G,1992,,,449061880,21571820
AT39,2,10,GF75,3,TW15,TW15-G,72,105154158,10160140,,
AT39,2,10,H,0,TW15,TW15-H,0,207393843,16325207,,
AT39,2,10,H,1,TW15,TW15-H,24,362327187,25710865,,
AT39,2,10,H,2,TW15,TW15-H,48,2262796233,198560920,,
AT39,2,10,H,3,TW15,TW15-H,72,2692972333,195769245,2651003933,332116866
AT39,2,10,H,4,TW15,TW15-H,96,,,,
AT39,2,10,H,5,TW15,TW15-H,120,,,,
AT39,2,10,H,6,TW15,TW15-H,144,,,,
AT39,2,10,H,7,TW15,TW15-H,360,,,,
AT39,2,10,H,8,TW15,TW15-H,840,,,785741711,114777427
AT39,2,10,H,9,TW15,TW15-H,1992,,,491729753,36128172
AT39,2,10,GF75,3,TW15,TW15-H,72,112615207,15467890,,
AT39,2,0.1,W,0,Microlayer,Microlayer-W,0,,,,
AT39,2,0.1,W,6,Microlayer,Microlayer-W,144,,,,
AT39,2,0.1,W,8,Microlayer,Microlayer-W,840,,,,
AT39,2,0.1,W,9,Microlayer,Microlayer-W,1992,,,,
AT39,2,10,W,0,Surface,Surface-W,0,,,,
AT39,2,10,W,6,Surface,Surface-W,144,,,,
AT39,2,10,W,8,Surface,Surface-W,840,,,,
AT39,2,10,W,9,Surface,Surface-W,1992,,,,
AT39,2,200,W,0,Deep,Deep-W,0,,,,
AT39,2,200,W,6,Deep,Deep-W,144,,,,
AT39,2,200,W,8,Deep,Deep-W,840,,,,
AT39,2,200,W,9,Deep,Deep-W,1992,,,,
AT39,3,5,Niskin,0,,,0,472144500,44391918,,
AT39,3,5,GF75,0,,,0,124506253,8166072,,
AT39,3,5,A,0,Control,Control-A,0,128003620,13615296,,
AT39,3,5,A,1,Control,Control-A,24,151435977,11894475,,
AT39,3,5,A,2,Control,Control-A,48,,,,
AT39,3,5,A,3,Control,Control-A,72,237121460,20775915,,
AT39,3,5,A,4,Control,Control-A,96,240269090,16897908,,
AT39,3,5,A,5,Control,Control-A,120,358130347,26949650,,
AT39,3,5,A,6,Control,Control-A,144,426678733,39292447,,
AT39,3,5,A,7,Control,Control-A,168,478439760,48145811,,
AT39,3,5,A,8,Control,Control-A,192,527402893,30967005,,
AT39,3,5,A,9,Control,Control-A,216,531599733,33948285,490330807,34965894
AT39,3,5,A,10,Control,Control-A,336,,,,
AT39,3,5,A,11,Control,Control-A,816,,,212290157,27092994
AT39,3,5,A,12,Control,Control-A,1968,,,172070440,22290664
AT39,3,5,GF75,9,Control,Control-A,216,97693109,8545585,,
AT39,3,5,B,0,Control,Control-B,0,146189927,10401032,,
AT39,3,5,B,1,Control,Control-B,24,167174127,16715966,,
AT39,3,5,B,2,Control,Control-B,48,,,,
AT39,3,5,B,3,Control,Control-B,72,206344633,19367540,,
AT39,3,5,B,4,Control,Control-B,96,231875410,19787528,,
AT39,3,5,B,5,Control,Control-B,120,367922973,19838973,,
AT39,3,5,B,6,Control,Control-B,144,430875573,34927004,,
AT39,3,5,B,7,Control,Control-B,168,492429227,45474733,,
AT39,3,5,B,8,Control,Control-B,192,491030280,38283343,,
AT39,3,5,B,9,Control,Control-B,216,507817640,22412272,474942393,26878956
AT39,3,5,B,10,Control,Control-B,336,,,,
AT39,3,5,B,11,Control,Control-B,816,,,225580150,22195959
AT39,3,5,B,12,Control,Control-B,1968,,,173469387,22436515
AT39,3,5,GF75,9,Control,Control-B,216,97459951,8136431,,
AT39,3,5,W,0,Surface,Surface-W,0,,,,
AT39,3,5,W,9,Surface,Surface-W,144,,,,
AT39,3,5,W,10,Surface,Surface-W,336,,,,
AT39,3,5,W,11,Surface,Surface-W,816,,,,
AT39,3,5,W,12,Surface,Surface-W,1968,,,,
AT39,4,5,Niskin,0,,,0,648761517,53072211,,
AT39,4,5,GF75,0,,,0,119959677,12120841,,
AT39,4,5,A,0,Control,Control-A,0,148288347,7224130,,
AT39,4,5,A,1,Control,Control-A,24,158780447,15483502,,
AT39,4,5,A,2,Control,Control-A,48,165425443,20060378,,
AT39,4,5,A,3,Control,Control-A,72,180114383,17852183,,
AT39,4,5,A,4,Control,Control-A,96,203896477,21052095,,
AT39,4,5,A,5,Control,Control-A,120,218585417,23096158,,
AT39,4,5,A,6,Control,Control-A,144,277341177,26432833,,
AT39,4,5,A,7,Control,Control-A,168,442766620,29867866,,
AT39,4,5,A,8,Control,Control-A,192,403596113,19240815,,
AT39,4,5,A,9,Control,Control-A,216,467947660,46450507,377016127,30835061
AT39,4,5,A,10,Control,Control-A,744,,,346239300,30085486
AT39,4,5,A,11,Control,Control-A,1896,,,199000163,17248161
AT39,4,5,A,12,Control,Control-A,2400,,,,
AT39,4,5,GF75,9,Control,Control-A,216,80439433,6885944,,
AT39,4,5,B,0,Control,Control-B,0,159829657,15470330,,
AT39,4,5,B,1,Control,Control-B,24,152485187,10960896,,
AT39,4,5,B,2,Control,Control-B,48,179414910,15645043,,
AT39,4,5,B,3,Control,Control-B,72,186759380,17228451,,
AT39,4,5,B,4,Control,Control-B,96,198300690,30801987,,
AT39,4,5,B,5,Control,Control-B,120,217186470,19951686,,
AT39,4,5,B,6,Control,Control-B,144,294828010,18945415,,
AT39,4,5,B,7,Control,Control-B,168,442067147,38141078,,
AT39,4,5,B,8,Control,Control-B,192,398699800,18941827,,
AT39,4,5,B,9,Control,Control-B,216,418984527,22951538,385409807,47720511
AT39,4,5,B,10,Control,Control-B,744,,,372119813,16420665
AT39,4,5,B,11,Control,Control-B,1896,,,209492263,28577288
AT39,4,5,B,12,Control,Control-B,2400,,,,
AT39,4,5,GF75,9,Control,Control-B,216,77408382,10061568,,
AT39,4,5,W,0,Surface,Surface-W,0,,,,
AT39,4,5,W,9,Surface,Surface-W,216,,,,
AT39,4,5,W,10,Surface,Surface-W,744,,,,
AT39,4,5,W,11,Surface,Surface-W,1896,,,,
AT39,4,5,W,12,Surface,Surface-W,2400,,,,
AT39,S2RD,5,Niskin,0,,,0,572402344,22956801,,
AT39,S2RD,5,GF75,0,,,0,117045204,11673422,,
AT39,S2RD,5,TFF-Ret,0,,,0,3693219200,188843407,,
AT39,S2RD,5,A,0,Control,Control-A,0,150037030,19116805,,
AT39,S2RD,5,A,1,Control,Control-A,24,153884133,18579618,,
AT39,S2RD,5,A,2,Control,Control-A,48,466548713,28182208,,
AT39,S2RD,5,A,3,Control,Control-A,72,802062756,71188466,,
AT39,S2RD,5,A,4,Control,Control-A,96,655173356,49399134,,
AT39,S2RD,5,A,5,Control,Control-A,120,644681256,32996379,,
AT39,S2RD,5,A,6,Control,Control-A,144,663333878,43079891,,
AT39,S2RD,5,A,7,Control,Control-A,168,733281211,51097088,797399600,88092303
AT39,S2RD,5,A,8,Control,Control-A,672,,,448828722,25922606
AT39,S2RD,5,A,9,Control,Control-A,1584,,,196202270,16687485
AT39,S2RD,5,A,10,Control,Control-A,2328,,,,
AT39,S2RD,5,GF75,7,Control,Control-A,168,105620473,14034730,,
AT39,S2RD,5,B,0,Control,Control-B,0,147938610,13699880,,
AT39,S2RD,5,B,1,Control,Control-B,24,162977287,18521007,,
AT39,S2RD,5,B,2,Control,Control-B,48,430176100,37919513,,
AT39,S2RD,5,B,3,Control,Control-B,72,687815444,56580475,,
AT39,S2RD,5,B,4,Control,Control-B,96,638852311,64745321,,
AT39,S2RD,5,B,5,Control,Control-B,120,652841778,48535662,,
AT39,S2RD,5,B,6,Control,Control-B,144,746104889,70805615,,
AT39,S2RD,5,B,7,Control,Control-B,168,708799644,68375282,800896967,98851749
AT39,S2RD,5,B,8,Control,Control-B,672,,,416186633,41143522
AT39,S2RD,5,B,9,Control,Control-B,1584,,,216486997,22989995
AT39,S2RD,5,B,10,Control,Control-B,2328,,,,
AT39,S2RD,5,GF75,7,Control,Control-B,168,84636273,11737924,,
AT39,S2RD,5,W,0,Surface,Surface-W,0,,,,
AT39,S2RD,5,W,7,Surface,Surface-W,168,,,,
AT39,S2RD,5,W,8,Surface,Surface-W,672,,,,
AT39,S2RD,5,W,9,Surface,Surface-W,1584,,,,
AT39,S2RD,5,W,10,Surface,Surface-W,2328,,,,
AT39,S2RD,5,1.2,0,Surface,Surface-1.2,0,572402344,22956801,,
AT39,S2RD,5,1.2,7,Surface,Surface-1.2,168,,,,
AT39,S2RD,5,1.2,8,Surface,Surface-1.2,672,,,,
AT39,S2RD,5,1.2,9,Surface,Surface-1.2,1584,,,,
AT39,S2RD,5,1.2,10,Surface,Surface-1.2,2328,,,,
AT39,S2RD,5,NV,0,Surface,Surface-NV,0,153184660,16052367,,
AT39,S2RD,5,NV,7,Surface,Surface-NV,168,,,,
AT39,S2RD,5,NV,8,Surface,Surface-NV,672,,,,
AT39,S2RD,5,NV,9,Surface,Surface-NV,1584,,,,
AT39,S2RD,5,NV,10,Surface,Surface-NV,2328,,,,
AT39,S2RF,5,Niskin,0,,,0,494294489,52482084,,
AT39,S2RF,5,GF75,0,,,0,112615207,7618866,,
AT39,S2RF,5,TFF-Ret,0,,,0,5609776133,449456598,,
AT39,S2RF,5,A,0,Control,Control-A,0,146889400,13891978,,
AT39,S2RF,5,A,1,Control,Control-A,24,369321920,26337542,,
AT39,S2RF,5,A,2,Control,Control-A,48,482636600,49897943,,
AT39,S2RF,5,A,3,Control,Control-A,72,484035547,27150620,,
AT39,S2RF,5,A,4,Control,Control-A,96,575899711,25893463,,
AT39,S2RF,5,A,5,Control,Control-A,120,797399600,37353787,,
AT39,S2RF,5,A,6,Control,Control-A,144,870844300,53011714,,
AT39,S2RF,5,A,7,Control,Control-A,168,756596989,66049940,782244344,52840524
AT39,S2RF,5,A,8,Control,Control-A,648,,,212639893,11278669
AT39,S2RF,5,A,9,Control,Control-A,1560,,,175917543,12452677
AT39,S2RF,5,A,10,Control,Control-A,2304,,,,
AT39,S2RF,5,GF75,7,Control,Control-A,168,117511520,11590336,,
AT39,S2RF,5,B,0,Control,Control-B,0,158080973,14635178,,
AT39,S2RF,5,B,1,Control,Control-B,24,378415073,37370763,,
AT39,S2RF,5,B,2,Control,Control-B,48,510615533,34108042,,
AT39,S2RF,5,B,3,Control,Control-B,72,537894993,35886610,,
AT39,S2RF,5,B,4,Control,Control-B,96,579397078,33899320,,
AT39,S2RF,5,B,5,Control,Control-B,120,664499667,47593132,,
AT39,S2RF,5,B,6,Control,Control-B,144,763591722,72543758,,
AT39,S2RF,5,B,7,Control,Control-B,168,838202211,55895765,705302278,36967744
AT39,S2RF,5,B,8,Control,Control-B,648,,,264051183,17311082
AT39,S2RF,5,B,9,Control,Control-B,1560,,,180114383,22800041
AT39,S2RF,5,B,10,Control,Control-B,2304,,,,
AT39,S2RF,5,GF75,7,Control,Control-B,168,100491002,13025804,,
AT39,S2RF,5,W,0,Surface,Surface-W,0,,,,
AT39,S2RF,5,W,7,Surface,Surface-W,168,,,,
AT39,S2RF,5,W,8,Surface,Surface-W,648,,,,
AT39,S2RF,5,W,9,Surface,Surface-W,1560,,,,
AT39,S2RF,5,W,10,Surface,Surface-W,2304,,,,
AT39,S2RF,5,1.2,0,Surface,Surface-1.2,0,494294489,52482084,,
AT39,S2RF,5,1.2,7,Surface,Surface-1.2,168,,,,
AT39,S2RF,5,1.2,8,Surface,Surface-1.2,648,,,,
AT39,S2RF,5,1.2,9,Surface,Surface-1.2,1560,,,,
AT39,S2RF,5,1.2,10,Surface,Surface-1.2,2304,,,,
AT39,S2RF,5,NV,0,Surface,Surface-NV,0,330850887,37457942,,
AT39,S2RF,5,NV,7,Surface,Surface-NV,168,,,,
AT39,S2RF,5,NV,8,Surface,Surface-NV,648,,,,
AT39,S2RF,5,NV,9,Surface,Surface-NV,1560,,,,
AT39,S2RF,5,NV,10,Surface,Surface-NV,2304,,,,