Cruise,Station,Depth,Bottle,Timepoint,Treatment,Treatment_Btl,Hours,DOC_ave,DOC_sd,TOC_ave,TOC_sd,PTOC_ave,PTOC_sd,PDOC_ave,PDOC_sd
AT34,U,5,Niskin,0,,,0,75,0.6,,,,,,
AT34,U,5,GF75,0,,,0,,,,,,,,
AT34,U,5,A,0,Control,Control-A,0,78.9,1,,,,,,
AT34,U,5,A,1,Control,Control-A,12,77.6,0.4,,,,,,
AT34,U,5,A,2,Control,Control-A,24,77.7,0.4,,,,,,
AT34,U,5,A,3,Control,Control-A,48,77.1,0.8,,,,,,
AT34,U,5,A,4,Control,Control-A,72,79.2,,,,,,,
AT34,U,5,A,5,Control,Control-A,96,,,,,,,,
AT34,U,5,A,6,Control,Control-A,120,75.6,0.1,,,,,,
AT34,U,5,A,7,Control,Control-A,144,,,,,,,,
AT34,U,5,A,8,Control,Control-A,168,75.2,0.5,,,,,,
AT34,U,5,A,9,Control,Control-A,192,,,,,,,,
AT34,U,5,A,10,Control,Control-A,216,73.8,0.1,,,,,,
AT34,U,5,A,11,Control,Control-A,240,,,,,,,,
AT34,U,5,A,12,Control,Control-A,336,73.3,0.1,,,,,,
AT34,U,5,A,13,Control,Control-A,504,70,0.2,,,,,,
AT34,U,5,A,14,Control,Control-A,1248,73.1,0.7,,,,,,
AT34,U,5,A,15,Control,Control-A,1728,72.1,0.6,,,,,,
AT34,U,5,A,16,Control,Control-A,2856,72.4,0.7,,,,,,
AT34,U,5,GF75,10,Control,Control-A,216,,,,,,,,
AT34,U,5,B,0,Control,Control-B,0,78,1,,,,,,
AT34,U,5,B,1,Control,Control-B,12,78.5,0.2,,,,,,
AT34,U,5,B,2,Control,Control-B,24,80.7,0.1,,,,,,
AT34,U,5,B,3,Control,Control-B,48,78.9,1.1,,,,,,
AT34,U,5,B,4,Control,Control-B,72,79.3,0.3,,,,,,
AT34,U,5,B,5,Control,Control-B,96,,,,,,,,
AT34,U,5,B,6,Control,Control-B,120,77,0.6,,,,,,
AT34,U,5,B,7,Control,Control-B,144,,,,,,,,
AT34,U,5,B,8,Control,Control-B,168,75.6,1.4,,,,,,
AT34,U,5,B,9,Control,Control-B,192,,,,,,,,
AT34,U,5,B,10,Control,Control-B,216,73.9,0.7,,,,,,
AT34,U,5,B,11,Control,Control-B,240,,,,,,,,
AT34,U,5,B,12,Control,Control-B,336,73.3,0.2,,,,,,
AT34,U,5,B,13,Control,Control-B,504,70.9,0.1,,,,,,
AT34,U,5,B,14,Control,Control-B,1248,71.6,0.5,,,,,,
AT34,U,5,B,15,Control,Control-B,1728,71.7,0.5,,,,,,
AT34,U,5,B,16,Control,Control-B,2856,73.4,0.1,,,,,,
AT34,U,5,GF75,10,Control,Control-B,216,,,,,,,,
AT34,1,10,Niskin,0,,,0,,,,,,,,
AT34,1,10,GF75,0,,,0,,,,,,,,
AT34,1,10,SA,0,Control,Control-A,0,55.2,0.2,,,,,,
AT34,1,10,SA,1,Control,Control-A,24,54.1,0.7,,,,,,
AT34,1,10,SA,2,Control,Control-A,48,,,,,,,,
AT34,1,10,SA,3,Control,Control-A,72,53.6,0,,,,,,
AT34,1,10,SA,4,Control,Control-A,96,,,,,,,,
AT34,1,10,SA,5,Control,Control-A,120,,,,,,,,
AT34,1,10,SA,6,Control,Control-A,144,52.6,0.7,,,,,,
AT34,1,10,SA,7,Control,Control-A,168,,,,,,,,
AT34,1,10,SA,8,Control,Control-A,192,52.3,1.1,,,,,,
AT34,1,10,SA,9,Control,Control-A,216,,,,,,,,
AT34,1,10,SA,10,Control,Control-A,240,,,,,,,,
AT34,1,10,SA,11,Control,Control-A,264,,,,,,,,
AT34,1,10,SA,12,Control,Control-A,312,51.8,1.1,,,,,,
AT34,1,10,SA,13,Control,Control-A,,,,,,,,,
AT34,1,10,SA,14,Control,Control-A,336,,,,,,,,
AT34,1,10,SA,15,Control,Control-A,408,,,,,,,,
AT34,1,10,SA,16,Control,Control-A,1152,56.3,0.4,,,,,,
AT34,1,10,SA,17,Control,Control-A,1632,56.5,0.2,,,,,,
AT34,1,10,SA,18,Control,Control-A,2760,57.3,0.1,,,,,,
AT34,1,10,GF75,8,Control,Control-A,192,,,,,,,,
AT34,1,10,SB,0,Control,Control-B,0,53.8,0.2,,,,,,
AT34,1,10,SB,1,Control,Control-B,24,52.8,0.3,,,,,,
AT34,1,10,SB,2,Control,Control-B,48,,,,,,,,
AT34,1,10,SB,3,Control,Control-B,72,52.6,0.1,,,,,,
AT34,1,10,SB,4,Control,Control-B,96,,,,,,,,
AT34,1,10,SB,5,Control,Control-B,120,,,,,,,,
AT34,1,10,SB,6,Control,Control-B,144,51.6,0.5,,,,,,
AT34,1,10,SB,7,Control,Control-B,168,,,,,,,,
AT34,1,10,SB,8,Control,Control-B,192,51.6,0.5,,,,,,
AT34,1,10,SB,9,Control,Control-B,216,,,,,,,,
AT34,1,10,SB,10,Control,Control-B,240,,,,,,,,
AT34,1,10,SB,11,Control,Control-B,264,,,,,,,,
AT34,1,10,SB,12,Control,Control-B,312,52.2,0.7,,,,,,
AT34,1,10,SB,13,Control,Control-B,,,,,,,,,
AT34,1,10,SB,14,Control,Control-B,336,,,,,,,,
AT34,1,10,SB,15,Control,Control-B,408,50.7,,,,,,,
AT34,1,10,SB,16,Control,Control-B,1152,54.4,1.2,,,,,,
AT34,1,10,SB,17,Control,Control-B,1632,53.7,0.8,,,,,,
AT34,1,10,SB,18,Control,Control-B,2760,54,0.1,,,,,,
AT34,1,10,GF75,8,Control,Control-B,192,,,,,,,,
AT34,1,200,Niskin,0,,,0,,,,,,,,
AT34,1,200,GF75,0,,,0,,,,,,,,
AT34,1,200,DA,0,Control,Control-A,0,50.7,0.4,,,,,,
AT34,1,200,DA,1,Control,Control-A,24,49.9,1.3,,,,,,
AT34,1,200,DA,2,Control,Control-A,48,,,,,,,,
AT34,1,200,DA,3,Control,Control-A,72,49.4,0.2,,,,,,
AT34,1,200,DA,4,Control,Control-A,96,,,,,,,,
AT34,1,200,DA,5,Control,Control-A,120,,,,,,,,
AT34,1,200,DA,6,Control,Control-A,144,49.1,0.2,,,,,,
AT34,1,200,DA,7,Control,Control-A,168,,,,,,,,
AT34,1,200,DA,8,Control,Control-A,192,49.7,0.4,,,,,,
AT34,1,200,DA,9,Control,Control-A,216,,,,,,,,
AT34,1,200,DA,10,Control,Control-A,240,,,,,,,,
AT34,1,200,DA,11,Control,Control-A,264,,,,,,,,
AT34,1,200,DA,12,Control,Control-A,312,51.6,0.6,,,,,,
AT34,1,200,DA,13,Control,Control-A,,,,,,,,,
AT34,1,200,DA,14,Control,Control-A,336,,,,,,,,
AT34,1,200,DA,15,Control,Control-A,408,51.2,0.4,,,,,,
AT34,1,200,DA,16,Control,Control-A,1152,54.3,1.1,,,,,,
AT34,1,200,DA,17,Control,Control-A,1632,56.6,0.2,,,,,,
AT34,1,200,DA,18,Control,Control-A,2760,56.2,1.8,,,,,,
AT34,1,200,GF75,12,Control,Control-A,312,,,,,,,,
AT34,1,200,DB,0,Control,Control-B,0,48.8,0,,,,,,
AT34,1,200,DB,1,Control,Control-B,24,49.5,0.2,,,,,,
AT34,1,200,DB,2,Control,Control-B,48,,,,,,,,
AT34,1,200,DB,3,Control,Control-B,72,49.2,0.1,,,,,,
AT34,1,200,DB,4,Control,Control-B,96,,,,,,,,
AT34,1,200,DB,5,Control,Control-B,120,,,,,,,,
AT34,1,200,DB,6,Control,Control-B,144,50.6,1.3,,,,,,
AT34,1,200,DB,7,Control,Control-B,168,,,,,,,,
AT34,1,200,DB,8,Control,Control-B,192,51,1.5,,,,,,
AT34,1,200,DB,9,Control,Control-B,216,,,,,,,,
AT34,1,200,DB,10,Control,Control-B,240,,,,,,,,
AT34,1,200,DB,11,Control,Control-B,264,,,,,,,,
AT34,1,200,DB,12,Control,Control-B,312,51,0.3,,,,,,
AT34,1,200,DB,13,Control,Control-B,,,,,,,,,
AT34,1,200,DB,14,Control,Control-B,336,,,,,,,,
AT34,1,200,DB,15,Control,Control-B,408,50.4,,,,,,,
AT34,1,200,DB,16,Control,Control-B,1152,55,0.8,,,,,,
AT34,1,200,DB,17,Control,Control-B,1632,56.4,0.5,,,,,,
AT34,1,200,DB,18,Control,Control-B,2760,59.2,1.2,,,,,,
AT34,1,200,GF75,12,Control,Control-B,312,,,,,,,,
AT34,2,10,Niskin,0,,,0,,,,,,,,
AT34,2,10,GF75,0,,,0,,,,,,,,
AT34,2,10,SA,0,Control,Control-A,0,57.6,1.2,,,,,,
AT34,2,10,SA,1,Control,Control-A,24,56.8,0.8,,,,,,
AT34,2,10,SA,2,Control,Control-A,48,,,,,,,,
AT34,2,10,SA,3,Control,Control-A,72,,,,,,,,
AT34,2,10,SA,4,Control,Control-A,96,56.2,0.5,,,,,,
AT34,2,10,SA,5,Control,Control-A,120,,,,,,,,
AT34,2,10,SA,6,Control,Control-A,144,56.1,0.9,,,,,,
AT34,2,10,SA,7,Control,Control-A,168,,,,,,,,
AT34,2,10,SA,8,Control,Control-A,192,,,,,,,,
AT34,2,10,SA,9,Control,Control-A,216,56.8,0.6,,,,,,
AT34,2,10,SA,10,Control,Control-A,264,56,0.1,,,,,,
AT34,2,10,SA,11,Control,Control-A,288,,,,,,,,
AT34,2,10,SA,12,Control,Control-A,336,55,0.1,,,,,,
AT34,2,10,SA,13,Control,Control-A,1080,57.3,0.9,,,,,,
AT34,2,10,SA,14,Control,Control-A,1584,56.6,0.5,,,,,,
AT34,2,10,SA,15,Control,Control-A,2688,61.1,1,,,,,,
AT34,2,10,GF75,9,Control,Control-A,216,,,,,,,,
AT34,2,10,SB,0,Control,Control-B,0,57,1.3,,,,,,
AT34,2,10,SB,1,Control,Control-B,24,56.6,0,,,,,,
AT34,2,10,SB,2,Control,Control-B,48,,,,,,,,
AT34,2,10,SB,3,Control,Control-B,72,,,,,,,,
AT34,2,10,SB,4,Control,Control-B,96,56.7,0.7,,,,,,
AT34,2,10,SB,5,Control,Control-B,120,,,,,,,,
AT34,2,10,SB,6,Control,Control-B,144,56.2,0.2,,,,,,
AT34,2,10,SB,7,Control,Control-B,168,,,,,,,,
AT34,2,10,SB,8,Control,Control-B,192,,,,,,,,
AT34,2,10,SB,9,Control,Control-B,216,56.5,0.4,,,,,,
AT34,2,10,SB,10,Control,Control-B,264,55.7,0.3,,,,,,
AT34,2,10,SB,11,Control,Control-B,288,,,,,,,,
AT34,2,10,SB,12,Control,Control-B,336,55.3,0.1,,,,,,
AT34,2,10,SB,13,Control,Control-B,1080,58.1,0.6,,,,,,
AT34,2,10,SB,14,Control,Control-B,1584,58.5,0.4,,,,,,
AT34,2,10,SB,15,Control,Control-B,2688,59.5,0.8,,,,,,
AT34,2,10,GF75,9,Control,Control-B,216,,,,,,,,
AT34,2,10,SA12,0,TW12,TW12-A,0,62.9,0,,,,,,
AT34,2,10,SA12,1,TW12,TW12-A,24,62.3,0.3,,,,,,
AT34,2,10,SA12,2,TW12,TW12-A,48,,,,,,,,
AT34,2,10,SA12,3,TW12,TW12-A,72,,,,,,,,
AT34,2,10,SA12,4,TW12,TW12-A,96,60.6,0.9,,,,,,
AT34,2,10,SA12,5,TW12,TW12-A,120,,,,,,,,
AT34,2,10,SA12,6,TW12,TW12-A,144,58.3,0.7,,,,,,
AT34,2,10,SA12,7,TW12,TW12-A,168,,,,,,,,
AT34,2,10,SA12,8,TW12,TW12-A,192,,,,,,,,
AT34,2,10,SA12,9,TW12,TW12-A,216,58.8,0.6,,,,,,
AT34,2,10,GF75,8,TW12,TW12-A,192,,,,,,,,
AT34,2,10,SB12,0,TW12,TW12-B,0,62,1,,,,,,
AT34,2,10,SB12,1,TW12,TW12-B,24,62.7,0.4,,,,,,
AT34,2,10,SB12,2,TW12,TW12-B,48,,,,,,,,
AT34,2,10,SB12,3,TW12,TW12-B,72,,,,,,,,
AT34,2,10,SB12,4,TW12,TW12-B,96,59.6,0.1,,,,,,
AT34,2,10,SB12,5,TW12,TW12-B,120,,,,,,,,
AT34,2,10,SB12,6,TW12,TW12-B,144,59,0.3,,,,,,
AT34,2,10,SB12,7,TW12,TW12-B,168,,,,,,,,
AT34,2,10,SB12,8,TW12,TW12-B,192,,,,,,,,
AT34,2,10,SB12,9,TW12,TW12-B,216,59,0.4,,,,,,
AT34,2,10,GF75,8,TW12,TW12-B,192,,,,,,,,
AT34,2,10,SA13,0,TW13,TW13-A,0,62.8,0.5,,,,,,
AT34,2,10,SA13,1,TW13,TW13-A,24,63.3,0,,,,,,
AT34,2,10,SA13,2,TW13,TW13-A,48,,,,,,,,
AT34,2,10,SA13,3,TW13,TW13-A,72,,,,,,,,
AT34,2,10,SA13,4,TW13,TW13-A,96,60.2,0.2,,,,,,
AT34,2,10,SA13,5,TW13,TW13-A,120,,,,,,,,
AT34,2,10,SA13,6,TW13,TW13-A,144,58.5,0.4,,,,,,
AT34,2,10,SA13,7,TW13,TW13-A,168,,,,,,,,
AT34,2,10,SA13,8,TW13,TW13-A,192,,,,,,,,
AT34,2,10,SA13,9,TW13,TW13-A,216,56.9,0.2,,,,,,
AT34,2,10,GF75,8,TW13,TW13-A,192,,,,,,,,
AT34,2,10,SB13,0,TW13,TW13-B,0,62.4,0.1,,,,,,
AT34,2,10,SB13,1,TW13,TW13-B,24,63,0.3,,,,,,
AT34,2,10,SB13,2,TW13,TW13-B,48,,,,,,,,
AT34,2,10,SB13,3,TW13,TW13-B,72,,,,,,,,
AT34,2,10,SB13,4,TW13,TW13-B,96,61.2,2.2,,,,,,
AT34,2,10,SB13,5,TW13,TW13-B,120,,,,,,,,
AT34,2,10,SB13,6,TW13,TW13-B,144,58.5,0.5,,,,,,
AT34,2,10,SB13,7,TW13,TW13-B,168,,,,,,,,
AT34,2,10,SB13,8,TW13,TW13-B,192,,,,,,,,
AT34,2,10,SB13,9,TW13,TW13-B,216,57.4,0.2,,,,,,
AT34,2,10,GF75,8,TW13,TW13-B,192,,,,,,,,
AT34,2,200,Niskin,0,,,0,,,,,,,,
AT34,2,200,GF75,0,,,0,,,,,,,,
AT34,2,200,DA,0,Control,Control-A,0,50.4,0.4,,,,,,
AT34,2,200,DA,1,Control,Control-A,24,49.4,0.2,,,,,,
AT34,2,200,DA,2,Control,Control-A,48,,,,,,,,
AT34,2,200,DA,3,Control,Control-A,72,,,,,,,,
AT34,2,200,DA,4,Control,Control-A,96,50.7,0.8,,,,,,
AT34,2,200,DA,5,Control,Control-A,120,,,,,,,,
AT34,2,200,DA,6,Control,Control-A,144,49.9,1,,,,,,
AT34,2,200,DA,7,Control,Control-A,168,,,,,,,,
AT34,2,200,DA,8,Control,Control-A,192,,,,,,,,
AT34,2,200,DA,9,Control,Control-A,216,51,0.1,,,,,,
AT34,2,200,DA,10,Control,Control-A,264,50,0.8,,,,,,
AT34,2,200,DA,11,Control,Control-A,288,,,,,,,,
AT34,2,200,DA,12,Control,Control-A,336,51.1,1.1,,,,,,
AT34,2,200,DA,13,Control,Control-A,1080,55.2,0.1,,,,,,
AT34,2,200,DA,14,Control,Control-A,1584,57.4,1.6,,,,,,
AT34,2,200,DA,15,Control,Control-A,2688,58.8,0.4,,,,,,
AT34,2,200,GF75,10,Control,Control-A,264,,,,,,,,
AT34,2,200,DB,0,Control,Control-B,0,49.8,2.1,,,,,,
AT34,2,200,DB,1,Control,Control-B,24,49.9,1.6,,,,,,
AT34,2,200,DB,2,Control,Control-B,48,,,,,,,,
AT34,2,200,DB,3,Control,Control-B,72,,,,,,,,
AT34,2,200,DB,4,Control,Control-B,96,50,0.9,,,,,,
AT34,2,200,DB,5,Control,Control-B,120,,,,,,,,
AT34,2,200,DB,6,Control,Control-B,144,51.8,0.6,,,,,,
AT34,2,200,DB,7,Control,Control-B,168,,,,,,,,
AT34,2,200,DB,8,Control,Control-B,192,,,,,,,,
AT34,2,200,DB,9,Control,Control-B,216,50.6,0.2,,,,,,
AT34,2,200,DB,10,Control,Control-B,264,52.2,0.4,,,,,,
AT34,2,200,DB,11,Control,Control-B,288,,,,,,,,
AT34,2,200,DB,12,Control,Control-B,336,50.3,0.7,,,,,,
AT34,2,200,DB,13,Control,Control-B,1080,55.7,0.2,,,,,,
AT34,2,200,DB,14,Control,Control-B,1584,56.5,2.1,,,,,,
AT34,2,200,DB,15,Control,Control-B,2688,59.3,0.8,,,,,,
AT34,2,200,GF75,10,Control,Control-B,264,,,,,,,,
AT34,2,200,DA12,0,TW12,TW12-A,0,54.6,0.5,,,,,,
AT34,2,200,DA12,1,TW12,TW12-A,24,55,0.2,,,,,,
AT34,2,200,DA12,2,TW12,TW12-A,48,,,,,,,,
AT34,2,200,DA12,3,TW12,TW12-A,72,,,,,,,,
AT34,2,200,DA12,4,TW12,TW12-A,96,53.7,0.5,,,,,,
AT34,2,200,DA12,5,TW12,TW12-A,120,,,,,,,,
AT34,2,200,DA12,6,TW12,TW12-A,144,53,0.7,,,,,,
AT34,2,200,DA12,7,TW12,TW12-A,168,,,,,,,,
AT34,2,200,DA12,8,TW12,TW12-A,192,,,,,,,,
AT34,2,200,DA12,9,TW12,TW12-A,216,52.3,0.7,,,,,,
AT34,2,200,DA12,10,TW12,TW12-A,264,52.3,0.6,,,,,,
AT34,2,200,GF75,10,TW12,TW12-A,264,,,,,,,,
AT34,2,200,DB12,0,TW12,TW12-B,0,56.6,2.5,,,,,,
AT34,2,200,DB12,1,TW12,TW12-B,24,56.3,0.2,,,,,,
AT34,2,200,DB12,2,TW12,TW12-B,48,,,,,,,,
AT34,2,200,DB12,3,TW12,TW12-B,72,,,,,,,,
AT34,2,200,DB12,4,TW12,TW12-B,96,54.4,1.3,,,,,,
AT34,2,200,DB12,5,TW12,TW12-B,120,,,,,,,,
AT34,2,200,DB12,6,TW12,TW12-B,144,52.6,0,,,,,,
AT34,2,200,DB12,7,TW12,TW12-B,168,,,,,,,,
AT34,2,200,DB12,8,TW12,TW12-B,192,,,,,,,,
AT34,2,200,DB12,9,TW12,TW12-B,216,52.6,0.1,,,,,,
AT34,2,200,DB12,10,TW12,TW12-B,264,52,1,,,,,,
AT34,2,200,GF75,10,TW12,TW12-B,264,,,,,,,,
AT34,2,200,DA13,0,TW13,TW13-A,0,55.2,0.4,,,,,,
AT34,2,200,DA13,1,TW13,TW13-A,24,55.2,0.7,,,,,,
AT34,2,200,DA13,2,TW13,TW13-A,48,,,,,,,,
AT34,2,200,DA13,3,TW13,TW13-A,72,,,,,,,,
AT34,2,200,DA13,4,TW13,TW13-A,96,54.2,0.3,,,,,,
AT34,2,200,DA13,5,TW13,TW13-A,120,,,,,,,,
AT34,2,200,DA13,6,TW13,TW13-A,144,52.5,0.3,,,,,,
AT34,2,200,DA13,7,TW13,TW13-A,168,,,,,,,,
AT34,2,200,DA13,8,TW13,TW13-A,192,,,,,,,,
AT34,2,200,DA13,9,TW13,TW13-A,216,52.7,0.7,,,,,,
AT34,2,200,DA13,10,TW13,TW13-A,264,53.2,0.8,,,,,,
AT34,2,200,GF75,10,TW13,TW13-A,264,,,,,,,,
AT34,2,200,DB13,0,TW13,TW13-B,0,53.5,0.1,,,,,,
AT34,2,200,DB13,1,TW13,TW13-B,24,54,0.2,,,,,,
AT34,2,200,DB13,2,TW13,TW13-B,48,,,,,,,,
AT34,2,200,DB13,3,TW13,TW13-B,72,,,,,,,,
AT34,2,200,DB13,4,TW13,TW13-B,96,53,1.1,,,,,,
AT34,2,200,DB13,5,TW13,TW13-B,120,,,,,,,,
AT34,2,200,DB13,6,TW13,TW13-B,144,52.7,0.2,,,,,,
AT34,2,200,DB13,7,TW13,TW13-B,168,,,,,,,,
AT34,2,200,DB13,8,TW13,TW13-B,192,,,,,,,,
AT34,2,200,DB13,9,TW13,TW13-B,216,51.8,0.5,,,,,,
AT34,2,200,DB13,10,TW13,TW13-B,264,51.4,0.3,,,,,,
AT34,2,200,GF75,10,TW13,TW13-B,264,,,,,,,,
AT34,3,10,Niskin,0,,,0,,,,,,,,
AT34,3,10,GF75,0,,,0,,,,,,,,
AT34,3,10,SA,0,Control,Control-A,0,60.3,0.6,,,,,,
AT34,3,10,SA,1,Control,Control-A,24,61.8,0.3,,,,,,
AT34,3,10,SA,2,Control,Control-A,48,,,,,,,,
AT34,3,10,SA,3,Control,Control-A,72,,,,,,,,
AT34,3,10,SA,4,Control,Control-A,96,59.2,1.1,,,,,,
AT34,3,10,SA,5,Control,Control-A,120,,,,,,,,
AT34,3,10,SA,6,Control,Control-A,144,,,,,,,,
AT34,3,10,SA,7,Control,Control-A,168,58.2,0.5,,,,,,
AT34,3,10,SA,8,Control,Control-A,216,,,,,,,,
AT34,3,10,SA,9,Control,Control-A,240,57.4,0.3,,,,,,
AT34,3,10,SA,10,Control,Control-A,288,,,,,,,,
AT34,3,10,SA,11,Control,Control-A,312,57.7,0.6,,,,,,
AT34,3,10,SA,12,Control,Control-A,1032,62.4,0.2,,,,,,
AT34,3,10,SA,13,Control,Control-A,1512,61,0.8,,,,,,
AT34,3,10,SA,14,Control,Control-A,2640,57.3,0.6,,,,,,
AT34,3,10,GF75,9,Control,Control-A,240,,,,,,,,
AT34,3,10,SB,0,Control,Control-B,0,60.3,1,,,,,,
AT34,3,10,SB,1,Control,Control-B,24,60.2,0.2,,,,,,
AT34,3,10,SB,2,Control,Control-B,48,,,,,,,,
AT34,3,10,SB,3,Control,Control-B,72,,,,,,,,
AT34,3,10,SB,4,Control,Control-B,96,59.1,2.7,,,,,,
AT34,3,10,SB,5,Control,Control-B,120,,,,,,,,
AT34,3,10,SB,6,Control,Control-B,144,,,,,,,,
AT34,3,10,SB,7,Control,Control-B,168,57.8,0.1,,,,,,
AT34,3,10,SB,8,Control,Control-B,216,,,,,,,,
AT34,3,10,SB,9,Control,Control-B,240,58.2,0.7,,,,,,
AT34,3,10,SB,10,Control,Control-B,288,,,,,,,,
AT34,3,10,SB,11,Control,Control-B,312,58.6,0.3,,,,,,
AT34,3,10,SB,12,Control,Control-B,1032,60.7,0.8,,,,,,
AT34,3,10,SB,13,Control,Control-B,1512,61.2,2.6,,,,,,
AT34,3,10,SB,14,Control,Control-B,2640,62.8,2.6,,,,,,
AT34,3,10,GF75,9,Control,Control-B,240,,,,,,,,
AT34,3,200,Niskin,0,,,0,,,,,,,,
AT34,3,200,GF75,0,,,0,,,,,,,,
AT34,3,200,DA,0,Control,Control-A,0,52.1,0.3,,,,,,
AT34,3,200,DA,1,Control,Control-A,24,52,0.5,,,,,,
AT34,3,200,DA,2,Control,Control-A,48,,,,,,,,
AT34,3,200,DA,3,Control,Control-A,72,,,,,,,,
AT34,3,200,DA,4,Control,Control-A,96,52.6,0.5,,,,,,
AT34,3,200,DA,5,Control,Control-A,120,,,,,,,,
AT34,3,200,DA,6,Control,Control-A,144,,,,,,,,
AT34,3,200,DA,7,Control,Control-A,168,52.8,0.4,,,,,,
AT34,3,200,DA,8,Control,Control-A,216,,,,,,,,
AT34,3,200,DA,9,Control,Control-A,240,54.1,0.1,,,,,,
AT34,3,200,DA,10,Control,Control-A,288,54.7,0.1,,,,,,
AT34,3,200,DA,11,Control,Control-A,312,54.6,0,,,,,,
AT34,3,200,DA,12,Control,Control-A,1032,59.7,2.8,,,,,,
AT34,3,200,DA,13,Control,Control-A,1512,57.8,0.5,,,,,,
AT34,3,200,DA,14,Control,Control-A,2640,58.9,0.1,,,,,,
AT34,3,200,GF75,10,Control,Control-A,288,,,,,,,,
AT34,3,200,DB,0,Control,Control-B,0,53.4,1.1,,,,,,
AT34,3,200,DB,1,Control,Control-B,24,52.2,0.8,,,,,,
AT34,3,200,DB,2,Control,Control-B,48,,,,,,,,
AT34,3,200,DB,3,Control,Control-B,72,,,,,,,,
AT34,3,200,DB,4,Control,Control-B,96,52.7,0.8,,,,,,
AT34,3,200,DB,5,Control,Control-B,120,,,,,,,,
AT34,3,200,DB,6,Control,Control-B,144,,,,,,,,
AT34,3,200,DB,7,Control,Control-B,168,53.4,0.1,,,,,,
AT34,3,200,DB,8,Control,Control-B,216,,,,,,,,
AT34,3,200,DB,9,Control,Control-B,240,53.5,0,,,,,,
AT34,3,200,DB,10,Control,Control-B,288,54,0.3,,,,,,
AT34,3,200,DB,11,Control,Control-B,312,53.7,0.8,,,,,,
AT34,3,200,DB,12,Control,Control-B,1032,63.2,0,,,,,,
AT34,3,200,DB,13,Control,Control-B,1512,58,0.2,,,,,,
AT34,3,200,DB,14,Control,Control-B,2640,60.3,0.4,,,,,,
AT34,3,200,GF75,10,Control,Control-B,288,,,,,,,,
AT34,4,10,Niskin,0,,,0,54.6,0,,,,,,
AT34,4,10,GF75,0,,,0,,,,,,,,
AT34,4,10,SA,0,Control,Control-A,0,53.5,0.7,,,,,,
AT34,4,10,SA,1,Control,Control-A,24,54.4,0.3,,,,,,
AT34,4,10,SA,2,Control,Control-A,48,,,,,,,,
AT34,4,10,SA,3,Control,Control-A,96,54.3,0.1,,,,,,
AT34,4,10,SA,4,Control,Control-A,120,,,,,,,,
AT34,4,10,SA,5,Control,Control-A,144,,,,,,,,
AT34,4,10,SA,6,Control,Control-A,168,54.2,1.3,,,,,,
AT34,4,10,SA,7,Control,Control-A,192,56.8,1.1,,,,,,
AT34,4,10,SA,8,Control,Control-A,912,58.9,0.1,,,,,,
AT34,4,10,SA,9,Control,Control-A,1392,59.9,0.6,,,,,,
AT34,4,10,SA,10,Control,Control-A,2544,58.7,2,,,,,,
AT34,4,10,GF75,6,Control,Control-A,168,,,,,,,,
AT34,4,10,SB,0,Control,Control-B,0,54.7,1.1,,,,,,
AT34,4,10,SB,1,Control,Control-B,24,53.9,0.4,,,,,,
AT34,4,10,SB,2,Control,Control-B,48,,,,,,,,
AT34,4,10,SB,3,Control,Control-B,96,52.7,0,,,,,,
AT34,4,10,SB,4,Control,Control-B,120,,,,,,,,
AT34,4,10,SB,5,Control,Control-B,144,,,,,,,,
AT34,4,10,SB,6,Control,Control-B,168,52.6,0,,,,,,
AT34,4,10,SB,7,Control,Control-B,192,55.6,0.4,,,,,,
AT34,4,10,SB,8,Control,Control-B,912,57.7,0.2,,,,,,
AT34,4,10,SB,9,Control,Control-B,1392,57.9,1.2,,,,,,
AT34,4,10,SB,10,Control,Control-B,2544,61,0.3,,,,,,
AT34,4,10,GF75,6,Control,Control-B,168,,,,,,,,
AT34,4,200,Niskin,0,,,0,53.4,0,,,,,,
AT34,4,200,GF75,0,,,0,,,,,,,,
AT34,4,200,DA,0,Control,Control-A,0,52.8,0.2,,,,,,
AT34,4,200,DA,1,Control,Control-A,24,53.5,1.5,,,,,,
AT34,4,200,DA,2,Control,Control-A,48,,,,,,,,
AT34,4,200,DA,3,Control,Control-A,96,53.8,1,,,,,,
AT34,4,200,DA,4,Control,Control-A,120,,,,,,,,
AT34,4,200,DA,5,Control,Control-A,144,,,,,,,,
AT34,4,200,DA,6,Control,Control-A,168,53.9,0.5,,,,,,
AT34,4,200,DA,7,Control,Control-A,192,54.9,0.6,,,,,,
AT34,4,200,DA,8,Control,Control-A,912,59.9,0.3,,,,,,
AT34,4,200,DA,9,Control,Control-A,1392,57.8,1.8,,,,,,
AT34,4,200,DA,10,Control,Control-A,2544,60.6,0.2,,,,,,
AT34,4,200,GF75,6,Control,Control-A,168,,,,,,,,
AT34,4,200,DB,0,Control,Control-B,0,54.1,1.1,,,,,,
AT34,4,200,DB,1,Control,Control-B,24,52.9,0.3,,,,,,
AT34,4,200,DB,2,Control,Control-B,48,,,,,,,,
AT34,4,200,DB,3,Control,Control-B,96,53.9,0.1,,,,,,
AT34,4,200,DB,4,Control,Control-B,120,,,,,,,,
AT34,4,200,DB,5,Control,Control-B,144,,,,,,,,
AT34,4,200,DB,6,Control,Control-B,168,54.8,0.8,,,,,,
AT34,4,200,DB,7,Control,Control-B,192,54.9,0.2,,,,,,
AT34,4,200,DB,8,Control,Control-B,912,60.6,0.2,,,,,,
AT34,4,200,DB,9,Control,Control-B,1392,59.1,0.8,,,,,,
AT34,4,200,DB,10,Control,Control-B,2544,61.2,0.9,,,,,,
AT34,4,200,GF75,6,Control,Control-B,168,,,,,,,,
AT34,5,10,Niskin,0,,,0,,,,,,,,
AT34,5,10,GF75,0,,,0,,,,,,,,
AT34,5,10,SA,0,Control,Control-A,0,66,0.1,,,,,,
AT34,5,10,SA,1,Control,Control-A,48,63.6,0.8,,,,,,
AT34,5,10,SA,2,Control,Control-A,72,,,,,,,,
AT34,5,10,SA,3,Control,Control-A,96,63.2,0.6,,,,,,
AT34,5,10,SA,4,Control,Control-A,120,,,,,,,,
AT34,5,10,SA,5,Control,Control-A,144,63.6,0.8,,,,,,
AT34,5,10,SA,6,Control,Control-A,888,62.8,0.5,,,,,,
AT34,5,10,SA,7,Control,Control-A,1368,61.5,0.4,,,,,,
AT34,5,10,SA,8,Control,Control-A,2496,62.8,0.3,,,,,,
AT34,5,10,GF75,5,Control,Control-A,144,,,,,,,,
AT34,5,10,SB,0,Control,Control-B,0,65.3,0,,,,,,
AT34,5,10,SB,1,Control,Control-B,48,63.5,1.2,,,,,,
AT34,5,10,SB,2,Control,Control-B,72,,,,,,,,
AT34,5,10,SB,3,Control,Control-B,96,63.1,1.2,,,,,,
AT34,5,10,SB,4,Control,Control-B,120,,,,,,,,
AT34,5,10,SB,5,Control,Control-B,144,62.5,0.3,,,,,,
AT34,5,10,SB,6,Control,Control-B,888,63.4,0.5,,,,,,
AT34,5,10,SB,7,Control,Control-B,1368,61.3,0.3,,,,,,
AT34,5,10,SB,8,Control,Control-B,2496,60.6,1.3,,,,,,
AT34,5,10,GF75,5,Control,Control-B,144,,,,,,,,
AT34,5,200,Niskin,0,,,0,,,,,,,,
AT34,5,200,GF75,0,,,0,,,,,,,,
AT34,5,200,DA,0,Control,Control-A,0,53.6,0.4,,,,,,
AT34,5,200,DA,1,Control,Control-A,48,52.7,0.4,,,,,,
AT34,5,200,DA,2,Control,Control-A,72,,,,,,,,
AT34,5,200,DA,3,Control,Control-A,96,53.4,0.1,,,,,,
AT34,5,200,DA,4,Control,Control-A,120,,,,,,,,
AT34,5,200,DA,5,Control,Control-A,144,53.9,0.3,,,,,,
AT34,5,200,DA,6,Control,Control-A,888,58.9,0.6,,,,,,
AT34,5,200,DA,7,Control,Control-A,1368,56.4,0.1,,,,,,
AT34,5,200,DA,8,Control,Control-A,2496,60.7,2,,,,,,
AT34,5,200,GF75,5,Control,Control-A,144,,,,,,,,
AT34,5,200,DB,0,Control,Control-B,0,53.2,0.2,,,,,,
AT34,5,200,DB,1,Control,Control-B,48,53.7,1.7,,,,,,
AT34,5,200,DB,2,Control,Control-B,72,,,,,,,,
AT34,5,200,DB,3,Control,Control-B,96,53.4,0.2,,,,,,
AT34,5,200,DB,4,Control,Control-B,120,,,,,,,,
AT34,5,200,DB,5,Control,Control-B,144,,,,,,,,
AT34,5,200,DB,6,Control,Control-B,888,55.3,0.1,,,,,,
AT34,5,200,DB,7,Control,Control-B,1368,54.4,0.2,,,,,,
AT34,5,200,DB,8,Control,Control-B,2496,56.1,0,,,,,,
AT34,5,200,GF75,5,Control,Control-B,144,,,,,,,,
AT38,1,5,Niskin,0,,,0,,,,,,,,
AT38,1,5,GF75,0,,,0,,,,,,,,
AT38,1,5,A,0,Control,Control-A,0,67.1,0.8,67.1,0.5,67.1,0.5,,
AT38,1,5,A,1,Control,Control-A,24,67,1,,,,,,
AT38,1,5,A,2,Control,Control-A,48,,,,,,,,
AT38,1,5,A,3,Control,Control-A,72,,,,,,,,
AT38,1,5,A,4,Control,Control-A,96,,,,,,,,
AT38,1,5,A,5,Control,Control-A,120,66.3,0.6,,,,,,
AT38,1,5,A,6,Control,Control-A,144,,,,,,,,
AT38,1,5,A,7,Control,Control-A,168,67,0.9,68,0.6,64.4,0.8,,
AT38,1,5,A,8,Control,Control-A,192,,,,,,,,
AT38,1,5,A,9,Control,Control-A,216,,,,,,,,
AT38,1,5,A,10,Control,Control-A,240,,,,,,,,
AT38,1,5,A,11,Control,Control-A,360,70,1.6,71,1.1,63.4,0,,
AT38,1,5,A,12,Control,Control-A,912,,,,,62.3,0.3,,
AT38,1,5,A,13,Control,Control-A,1656,,,,,61.5,0.1,,
AT38,1,5,GF75,7,Control,Control-A,168,,,,,,,,
AT38,1,5,B,0,Control,Control-B,0,65.4,0.2,66.8,1.2,66.8,1.2,,
AT38,1,5,B,1,Control,Control-B,24,67.2,1.1,,,,,,
AT38,1,5,B,2,Control,Control-B,48,,,,,,,,
AT38,1,5,B,3,Control,Control-B,72,,,,,,,,
AT38,1,5,B,4,Control,Control-B,96,,,,,,,,
AT38,1,5,B,5,Control,Control-B,120,66.8,0.1,,,,,,
AT38,1,5,B,6,Control,Control-B,144,,,,,,,,
AT38,1,5,B,7,Control,Control-B,168,67.1,1,67.8,0.1,64.8,0,,
AT38,1,5,B,8,Control,Control-B,192,,,,,,,,
AT38,1,5,B,9,Control,Control-B,216,,,,,,,,
AT38,1,5,B,10,Control,Control-B,240,,,,,,,,
AT38,1,5,B,11,Control,Control-B,360,69.7,0.1,70.6,0.9,63.7,0.1,,
AT38,1,5,B,12,Control,Control-B,912,,,,,61.6,0.4,,
AT38,1,5,B,13,Control,Control-B,1656,,,,,62.9,1,,
AT38,1,5,GF75,7,Control,Control-B,168,,,,,,,,
AT38,1,200,C,0,MixDS,MixDS-C,0,61.6,0.8,60.9,0.4,60.9,0.4,,
AT38,1,200,C,1,MixDS,MixDS-C,24,62.7,0.6,,,,,,
AT38,1,200,C,2,MixDS,MixDS-C,48,,,,,,,,
AT38,1,200,C,3,MixDS,MixDS-C,72,,,,,,,,
AT38,1,200,C,4,MixDS,MixDS-C,96,,,,,,,,
AT38,1,200,C,5,MixDS,MixDS-C,120,64.2,0,,,,,,
AT38,1,200,C,6,MixDS,MixDS-C,144,,,,,,,,
AT38,1,200,C,7,MixDS,MixDS-C,168,62.8,1.1,63.4,0.4,61.1,1,,
AT38,1,200,C,8,MixDS,MixDS-C,192,,,,,,,,
AT38,1,200,C,9,MixDS,MixDS-C,216,,,,,,,,
AT38,1,200,C,10,MixDS,MixDS-C,240,63.1,0.6,63.9,0.5,60.9,0.8,,
AT38,1,200,C,11,MixDS,MixDS-C,360,61.9,0.1,63.1,0.3,,,,
AT38,1,200,C,12,MixDS,MixDS-C,912,,,,,59.1,1.8,,
AT38,1,200,C,13,MixDS,MixDS-C,1656,,,,,57.9,1.4,,
AT38,1,200,GF75,10,MixDS,MixDS-C,240,,,,,,,,
AT38,1,200,D,0,MixDS,MixDS-D,0,62.6,0.5,61.9,0.9,61.9,0.9,,
AT38,1,200,D,1,MixDS,MixDS-D,24,64.4,1,,,,,,
AT38,1,200,D,2,MixDS,MixDS-D,48,,,,,,,,
AT38,1,200,D,3,MixDS,MixDS-D,72,,,,,,,,
AT38,1,200,D,4,MixDS,MixDS-D,96,,,,,,,,
AT38,1,200,D,5,MixDS,MixDS-D,120,64,0.4,,,,,,
AT38,1,200,D,6,MixDS,MixDS-D,144,,,,,,,,
AT38,1,200,D,7,MixDS,MixDS-D,168,64.8,0.7,65.9,3.1,62.1,0.1,,
AT38,1,200,D,8,MixDS,MixDS-D,192,,,,,,,,
AT38,1,200,D,9,MixDS,MixDS-D,216,,,,,,,,
AT38,1,200,D,10,MixDS,MixDS-D,240,64.9,0.3,64.8,0.1,62.2,0.3,,
AT38,1,200,D,11,MixDS,MixDS-D,360,61.8,1.3,64.2,0.5,,,,
AT38,1,200,D,12,MixDS,MixDS-D,912,,,,,59.5,0.7,,
AT38,1,200,D,13,MixDS,MixDS-D,1656,,,,,59.7,0.3,,
AT38,1,200,GF75,10,MixDS,MixDS-D,240,,,,,,,,
AT38,1,200,Niskin,0,,,0,,,,,,,,
AT38,1,200,GF75,0,,,0,,,,,,,,
AT38,1,200,E,0,Control,Control-E,0,53.8,0.5,54.5,0.5,54.5,0.5,,
AT38,1,200,E,1,Control,Control-E,24,54.2,1,,,,,,
AT38,1,200,E,2,Control,Control-E,48,,,,,,,,
AT38,1,200,E,3,Control,Control-E,72,,,,,,,,
AT38,1,200,E,4,Control,Control-E,96,,,,,,,,
AT38,1,200,E,5,Control,Control-E,120,55.9,0.4,,,,,,
AT38,1,200,E,6,Control,Control-E,144,,,,,,,,
AT38,1,200,E,7,Control,Control-E,168,56.1,3.4,56.1,0.3,53.5,0.7,,
AT38,1,200,E,8,Control,Control-E,192,,,,,,,,
AT38,1,200,E,9,Control,Control-E,216,,,,,,,,
AT38,1,200,E,10,Control,Control-E,240,57.3,0.5,56.5,0.5,54.5,0.6,,
AT38,1,200,E,11,Control,Control-E,360,57.4,1.2,57.5,0.9,,,,
AT38,1,200,E,12,Control,Control-E,912,,,,,52.5,0.9,,
AT38,1,200,E,13,Control,Control-E,1656,,,,,53.4,0.1,,
AT38,1,200,GF75,10,Control,Control-E,240,,,,,,,,
AT38,1,200,F,0,Control,Control-F,0,54.2,1.1,54.5,0.1,54.5,0.1,,
AT38,1,200,F,1,Control,Control-F,24,56,0,,,,,,
AT38,1,200,F,2,Control,Control-F,48,,,,,,,,
AT38,1,200,F,3,Control,Control-F,72,,,,,,,,
AT38,1,200,F,4,Control,Control-F,96,,,,,,,,
AT38,1,200,F,5,Control,Control-F,120,57.2,0.9,,,,,,
AT38,1,200,F,6,Control,Control-F,144,,,,,,,,
AT38,1,200,F,7,Control,Control-F,168,57.8,0.3,57.4,0.2,53.2,0.2,,
AT38,1,200,F,8,Control,Control-F,192,,,,,,,,
AT38,1,200,F,9,Control,Control-F,216,,,,,,,,
AT38,1,200,F,10,Control,Control-F,240,58.1,0.1,57.3,0.8,52.9,0.6,,
AT38,1,200,F,11,Control,Control-F,360,57.2,0.2,57.2,0.5,,,,
AT38,1,200,F,12,Control,Control-F,912,,,,,52.5,1,,
AT38,1,200,F,13,Control,Control-F,1656,,,,,52.4,0.6,,
AT38,1,200,GF75,10,Control,Control-F,240,,,,,,,,
AT38,1,5,G,0,MixSD,MixSD-G,0,63,0.9,63.9,0.7,63.9,0.7,,
AT38,1,5,G,1,MixSD,MixSD-G,24,65.6,0.8,,,,,,
AT38,1,5,G,2,MixSD,MixSD-G,48,,,,,,,,
AT38,1,5,G,3,MixSD,MixSD-G,72,,,,,,,,
AT38,1,5,G,4,MixSD,MixSD-G,96,,,,,,,,
AT38,1,5,G,5,MixSD,MixSD-G,120,64.3,0,,,,,,
AT38,1,5,G,6,MixSD,MixSD-G,144,,,,,,,,
AT38,1,5,G,7,MixSD,MixSD-G,168,62.6,0.5,63.2,0.6,59.5,0.3,,
AT38,1,5,G,8,MixSD,MixSD-G,192,,,,,,,,
AT38,1,5,G,9,MixSD,MixSD-G,216,,,,,,,,
AT38,1,5,G,10,MixSD,MixSD-G,240,,,,,,,,
AT38,1,5,G,11,MixSD,MixSD-G,360,60.9,0.1,62.4,0.8,59.1,0.8,,
AT38,1,5,G,12,MixSD,MixSD-G,912,,,,,57.7,1.7,,
AT38,1,5,G,13,MixSD,MixSD-G,1656,,,,,56.5,1.1,,
AT38,1,5,GF75,7,MixSD,MixSD-G,168,,,,,,,,
AT38,1,5,H,0,MixSD,MixSD-H,0,61.8,1.1,63.7,0.5,63.7,0.5,,
AT38,1,5,H,1,MixSD,MixSD-H,24,62,0.7,,,,,,
AT38,1,5,H,2,MixSD,MixSD-H,48,,,,,,,,
AT38,1,5,H,3,MixSD,MixSD-H,72,,,,,,,,
AT38,1,5,H,4,MixSD,MixSD-H,96,,,,,,,,
AT38,1,5,H,5,MixSD,MixSD-H,120,63.3,0.2,,,,,,
AT38,1,5,H,6,MixSD,MixSD-H,144,,,,,,,,
AT38,1,5,H,7,MixSD,MixSD-H,168,63,1.3,63.7,0,60.7,0.1,,
AT38,1,5,H,8,MixSD,MixSD-H,192,,,,,,,,
AT38,1,5,H,9,MixSD,MixSD-H,216,,,,,,,,
AT38,1,5,H,10,MixSD,MixSD-H,240,,,,,,,,
AT38,1,5,H,11,MixSD,MixSD-H,360,62.2,0.3,62.6,0.8,59.2,0.9,,
AT38,1,5,H,12,MixSD,MixSD-H,912,,,,,58.1,0.8,,
AT38,1,5,H,13,MixSD,MixSD-H,1656,,,,,56.8,0.1,,
AT38,1,5,GF75,7,MixSD,MixSD-H,168,,,,,,,,
AT38,1,5,I,0,SynExd,SynExd-I,0,70.9,0.9,71.7,0.7,71.7,0.7,,
AT38,1,5,I,1,SynExd,SynExd-I,24,71.6,0.2,,,,,,
AT38,1,5,I,2,SynExd,SynExd-I,48,,,,,,,,
AT38,1,5,I,3,SynExd,SynExd-I,72,,,,,,,,
AT38,1,5,I,4,SynExd,SynExd-I,96,,,,,,,,
AT38,1,5,I,5,SynExd,SynExd-I,120,69.4,0.7,70.3,0.5,69.6,0.7,,
AT38,1,5,I,6,SynExd,SynExd-I,144,,,,,,,,
AT38,1,5,I,7,SynExd,SynExd-I,168,,,,,,,,
AT38,1,5,I,8,SynExd,SynExd-I,192,,,,,,,,
AT38,1,5,I,9,SynExd,SynExd-I,216,,,,,,,,
AT38,1,5,I,10,SynExd,SynExd-I,240,,,,,,,,
AT38,1,5,I,11,SynExd,SynExd-I,360,66.3,0.9,67.5,1.1,67,1.3,,
AT38,1,5,I,12,SynExd,SynExd-I,912,,,,,64.4,0.2,,
AT38,1,5,I,13,SynExd,SynExd-I,1656,,,,,65.3,1.1,,
AT38,1,5,GF75,5,SynExd,SynExd-IJ,120,,,,,,,,
AT38,1,5,J,0,SynExd,SynExd-J,0,71.8,0.8,71.4,0.1,71.4,0.1,,
AT38,1,5,J,1,SynExd,SynExd-J,24,73.4,0.1,,,,,,
AT38,1,5,J,2,SynExd,SynExd-J,48,,,,,,,,
AT38,1,5,J,3,SynExd,SynExd-J,72,,,,,,,,
AT38,1,5,J,4,SynExd,SynExd-J,96,,,,,,,,
AT38,1,5,J,5,SynExd,SynExd-J,120,69.4,0.1,71,0.1,69.2,0.1,,
AT38,1,5,J,6,SynExd,SynExd-J,144,,,,,,,,
AT38,1,5,J,7,SynExd,SynExd-J,168,,,,,,,,
AT38,1,5,J,8,SynExd,SynExd-J,192,,,,,,,,
AT38,1,5,J,9,SynExd,SynExd-J,216,,,,,,,,
AT38,1,5,J,10,SynExd,SynExd-J,240,,,,,,,,
AT38,1,5,J,11,SynExd,SynExd-J,360,66.1,0.4,68.6,0.4,66.3,0.5,,
AT38,1,5,J,12,SynExd,SynExd-J,912,,,,,63.6,0.3,,
AT38,1,5,J,13,SynExd,SynExd-J,1656,,,,,63.2,0.6,,
AT38,1,5,GF75,5,SynExd,SynExd-J,120,,,,,,,,
AT38,1,5,K,0,TWExd,TWExd-K,0,73,0.7,73.9,0.3,73.9,0.3,,
AT38,1,5,K,1,TWExd,TWExd-K,24,74.4,0.5,,,,,,
AT38,1,5,K,2,TWExd,TWExd-K,48,,,,,,,,
AT38,1,5,K,3,TWExd,TWExd-K,72,,,,,,,,
AT38,1,5,K,4,TWExd,TWExd-K,96,,,,,,,,
AT38,1,5,K,5,TWExd,TWExd-K,120,74.5,1,75.3,0.4,72.4,0.9,,
AT38,1,5,K,6,TWExd,TWExd-K,144,,,,,,,,
AT38,1,5,K,7,TWExd,TWExd-K,168,,,,,,,,
AT38,1,5,K,8,TWExd,TWExd-K,192,,,,,,,,
AT38,1,5,K,9,TWExd,TWExd-K,216,,,,,,,,
AT38,1,5,K,10,TWExd,TWExd-K,240,,,,,,,,
AT38,1,5,K,11,TWExd,TWExd-K,360,74.7,0.6,75.6,0.5,70.4,0.2,,
AT38,1,5,K,12,TWExd,TWExd-K,912,,,,,66.3,0.1,,
AT38,1,5,K,13,TWExd,TWExd-K,1656,,,,,66.3,0.4,,
AT38,1,5,GF75,5,TWExd,TWExd-KL,120,,,,,,,,
AT38,1,5,L,0,TWExd,TWExd-L,0,73.9,0.4,74.1,0.2,74.1,0.2,,
AT38,1,5,L,1,TWExd,TWExd-L,24,75.6,1,,,,,,
AT38,1,5,L,2,TWExd,TWExd-L,48,,,,,,,,
AT38,1,5,L,3,TWExd,TWExd-L,72,,,,,,,,
AT38,1,5,L,4,TWExd,TWExd-L,96,,,,,,,,
AT38,1,5,L,5,TWExd,TWExd-L,120,74.7,0.1,75.4,0.1,71.5,0.5,,
AT38,1,5,L,6,TWExd,TWExd-L,144,,,,,,,,
AT38,1,5,L,7,TWExd,TWExd-L,168,,,,,,,,
AT38,1,5,L,8,TWExd,TWExd-L,192,,,,,,,,
AT38,1,5,L,9,TWExd,TWExd-L,216,,,,,,,,
AT38,1,5,L,10,TWExd,TWExd-L,240,,,,,,,,
AT38,1,5,L,11,TWExd,TWExd-L,360,72.7,0.7,73.2,1,69.6,0.5,,
AT38,1,5,L,12,TWExd,TWExd-L,912,,,,,66.2,0.4,,
AT38,1,5,L,13,TWExd,TWExd-L,1656,,,,,67.9,0.3,,
AT38,1,5,GF75,5,TWExd,TWExd-L,120,,,,,,,,
AT38,1,5,M,0,SynLys,SynLys-M,0,74.4,0.6,73.6,1.4,73.6,1.4,,
AT38,1,5,M,1,SynLys,SynLys-M,24,73.3,0.1,,,,,,
AT38,1,5,M,2,SynLys,SynLys-M,48,,,,,,,,
AT38,1,5,M,3,SynLys,SynLys-M,72,,,,,,,,
AT38,1,5,M,4,SynLys,SynLys-M,96,,,,,,,,
AT38,1,5,M,5,SynLys,SynLys-M,120,69.5,0.5,70.3,0.3,68.6,0.8,,
AT38,1,5,M,6,SynLys,SynLys-M,144,,,,,,,,
AT38,1,5,M,7,SynLys,SynLys-M,168,,,,,,,,
AT38,1,5,M,8,SynLys,SynLys-M,192,,,,,,,,
AT38,1,5,M,9,SynLys,SynLys-M,216,,,,,,,,
AT38,1,5,M,10,SynLys,SynLys-M,240,,,,,,,,
AT38,1,5,M,11,SynLys,SynLys-M,360,69,2.2,68.5,1.3,65.9,0.5,,
AT38,1,5,M,12,SynLys,SynLys-M,912,,,,,65,0.4,,
AT38,1,5,M,13,SynLys,SynLys-M,1656,,,,,63.7,1.4,,
AT38,1,5,GF75,5,SynLys,SynLys-MN,120,,,,,,,,
AT38,1,5,N,0,SynLys,SynLys-N,0,72.6,0.8,73.2,0.7,73.2,0.7,,
AT38,1,5,N,1,SynLys,SynLys-N,24,74.7,1.5,,,,,,
AT38,1,5,N,2,SynLys,SynLys-N,48,,,,,,,,
AT38,1,5,N,3,SynLys,SynLys-N,72,,,,,,,,
AT38,1,5,N,4,SynLys,SynLys-N,96,,,,,,,,
AT38,1,5,N,5,SynLys,SynLys-N,120,69.2,0.6,70.9,0.2,69.8,0.1,,
AT38,1,5,N,6,SynLys,SynLys-N,144,,,,,,,,
AT38,1,5,N,7,SynLys,SynLys-N,168,,,,,,,,
AT38,1,5,N,8,SynLys,SynLys-N,192,,,,,,,,
AT38,1,5,N,9,SynLys,SynLys-N,216,,,,,,,,
AT38,1,5,N,10,SynLys,SynLys-N,240,,,,,,,,
AT38,1,5,N,11,SynLys,SynLys-N,360,70.4,1.3,70.4,0.4,68.5,0.4,,
AT38,1,5,N,12,SynLys,SynLys-N,912,,,,,67.3,0.8,,
AT38,1,5,N,13,SynLys,SynLys-N,1656,,,,,64.6,0.1,,
AT38,1,5,GF75,5,SynLys,SynLys-N,120,,,,,,,,
AT38,1,200,O,0,SynLys,SynLys-O,0,61.2,0.2,60.2,0.9,60.2,0.9,,
AT38,1,200,O,1,SynLys,SynLys-O,24,60.7,0.2,,,,,,
AT38,1,200,O,2,SynLys,SynLys-O,48,,,,,,,,
AT38,1,200,O,3,SynLys,SynLys-O,72,,,,,,,,
AT38,1,200,O,4,SynLys,SynLys-O,96,,,,,,,,
AT38,1,200,O,5,SynLys,SynLys-O,120,59.6,0.5,59.6,0.9,58.5,0.1,,
AT38,1,200,O,6,SynLys,SynLys-O,144,,,,,,,,
AT38,1,200,O,7,SynLys,SynLys-O,168,,,,,,,,
AT38,1,200,O,8,SynLys,SynLys-O,192,,,,,,,,
AT38,1,200,O,9,SynLys,SynLys-O,216,,,,,,,,
AT38,1,200,O,10,SynLys,SynLys-O,240,,,,,,,,
AT38,1,200,O,11,SynLys,SynLys-O,360,61.2,1.5,63,0.3,57.8,1,,
AT38,1,200,O,12,SynLys,SynLys-O,912,,,,,56.8,0.1,,
AT38,1,200,O,13,SynLys,SynLys-O,1656,,,,,57.3,0.2,,
AT38,1,200,GF75,5,SynLys,SynLys-OP,120,,,,,,,,
AT38,1,200,P,0,SynLys,SynLys-P,0,60.1,0.3,60.3,0.7,60.3,0.7,,
AT38,1,200,P,1,SynLys,SynLys-P,24,60.2,0.7,,,,,,
AT38,1,200,P,2,SynLys,SynLys-P,48,,,,,,,,
AT38,1,200,P,3,SynLys,SynLys-P,72,,,,,,,,
AT38,1,200,P,4,SynLys,SynLys-P,96,,,,,,,,
AT38,1,200,P,5,SynLys,SynLys-P,120,57.8,0.6,58.4,0,57.1,0.6,,
AT38,1,200,P,6,SynLys,SynLys-P,144,,,,,,,,
AT38,1,200,P,7,SynLys,SynLys-P,168,,,,,,,,
AT38,1,200,P,8,SynLys,SynLys-P,192,,,,,,,,
AT38,1,200,P,9,SynLys,SynLys-P,216,,,,,,,,
AT38,1,200,P,10,SynLys,SynLys-P,240,,,,,,,,
AT38,1,200,P,11,SynLys,SynLys-P,360,56.7,0.4,57.7,0.1,55.6,0,,
AT38,1,200,P,12,SynLys,SynLys-P,912,,,,,56,0.7,,
AT38,1,200,P,13,SynLys,SynLys-P,1656,,,,,55.7,0.4,,
AT38,1,200,GF75,5,SynLys,SynLys-P,120,,,,,,,,
AT38,2,5,Niskin,0,,,0,,,,,,,,
AT38,2,5,GF75,0,,,0,,,,,,,,
AT38,2,5,A,0,Control,Control-A,0,74.1,0,75.3,2.1,75.3,2.1,,
AT38,2,5,A,1,Control,Control-A,24,72.8,0.6,,,,,,
AT38,2,5,A,2,Control,Control-A,48,,,,,,,,
AT38,2,5,A,3,Control,Control-A,72,,,,,,,,
AT38,2,5,A,4,Control,Control-A,96,,,,,,,,
AT38,2,5,A,5,Control,Control-A,120,74.1,1.8,,,,,,
AT38,2,5,A,6,Control,Control-A,144,,,,,,,,
AT38,2,5,A,7,Control,Control-A,168,74.2,1.3,74.8,0.5,73.6,1.5,,
AT38,2,5,A,8,Control,Control-A,192,,,,,,,,
AT38,2,5,A,9,Control,Control-A,216,,,,,,,,
AT38,2,5,A,10,Control,Control-A,240,,,,,,,,
AT38,2,5,A,11,Control,Control-A,264,,,,,,,,
AT38,2,5,A,12,Control,Control-A,360,73.6,0.7,75.5,0.2,71.8,0.1,,
AT38,2,5,A,13,Control,Control-A,888,,,,,70.6,0.2,,
AT38,2,5,A,14,Control,Control-A,1632,,,,,70.1,1.7,,
AT38,2,5,GF75,7,Control,Control-A,168,,,,,,,,
AT38,2,5,B,0,Control,Control-B,0,73.2,0.8,74.2,0.7,74.2,0.7,,
AT38,2,5,B,1,Control,Control-B,24,75.7,1.7,,,,,,
AT38,2,5,B,2,Control,Control-B,48,,,,,,,,
AT38,2,5,B,3,Control,Control-B,72,,,,,,,,
AT38,2,5,B,4,Control,Control-B,96,,,,,,,,
AT38,2,5,B,5,Control,Control-B,120,75.1,0.6,,,,,,
AT38,2,5,B,6,Control,Control-B,144,,,,,,,,
AT38,2,5,B,7,Control,Control-B,168,73.9,0.8,74.7,0.1,72.7,,,
AT38,2,5,B,8,Control,Control-B,192,,,,,,,,
AT38,2,5,B,9,Control,Control-B,216,,,,,,,,
AT38,2,5,B,10,Control,Control-B,240,,,,,,,,
AT38,2,5,B,11,Control,Control-B,264,,,,,,,,
AT38,2,5,B,12,Control,Control-B,360,73.4,0.9,73.8,1.3,72.1,1.2,,
AT38,2,5,B,13,Control,Control-B,888,,,,,69.5,1.3,,
AT38,2,5,B,14,Control,Control-B,1632,,,,,67.8,0.2,,
AT38,2,5,GF75,7,Control,Control-B,168,,,,,,,,
AT38,3,5,Niskin,0,,,0,,,,,,,,
AT38,3,5,GF75,0,,,0,,,,,,,,
AT38,3,5,A,0,Control,Control-A,0,67.9,1.6,69.5,0.8,69.5,0.8,,
AT38,3,5,A,1,Control,Control-A,24,68,2.2,,,,,,
AT38,3,5,A,2,Control,Control-A,48,,,,,,,,
AT38,3,5,A,3,Control,Control-A,72,,,,,,,,
AT38,3,5,A,4,Control,Control-A,96,,,,,,,,
AT38,3,5,A,5,Control,Control-A,120,70.5,0.8,69.9,0.8,67.4,1.9,,
AT38,3,5,A,6,Control,Control-A,144,,,,,,,,
AT38,3,5,A,7,Control,Control-A,168,,,,,,,,
AT38,3,5,A,8,Control,Control-A,192,,,,,,,,
AT38,3,5,A,9,Control,Control-A,216,,,,,,,,
AT38,3,5,A,10,Control,Control-A,240,,,,,,,,
AT38,3,5,A,11,Control,Control-A,336,69.5,1,69.4,1.1,66.5,0.9,,
AT38,3,5,A,12,Control,Control-A,840,,,,,64.4,0.8,,
AT38,3,5,A,13,Control,Control-A,1584,,,,,64.1,0.1,,
AT38,3,5,GF75,5,Control,Control-A,120,,,,,,,,
AT38,3,5,B,0,Control,Control-B,0,68.8,2.7,67.3,0.5,67.3,0.5,,
AT38,3,5,B,1,Control,Control-B,24,66.9,0,,,,,,
AT38,3,5,B,2,Control,Control-B,48,,,,,,,,
AT38,3,5,B,3,Control,Control-B,72,,,,,,,,
AT38,3,5,B,4,Control,Control-B,96,,,,,,,,
AT38,3,5,B,5,Control,Control-B,120,70.1,0.8,69.7,0.7,66.8,0.6,,
AT38,3,5,B,6,Control,Control-B,144,,,,,,,,
AT38,3,5,B,7,Control,Control-B,168,,,,,,,,
AT38,3,5,B,8,Control,Control-B,192,,,,,,,,
AT38,3,5,B,9,Control,Control-B,216,,,,,,,,
AT38,3,5,B,10,Control,Control-B,240,,,,,,,,
AT38,3,5,B,11,Control,Control-B,336,68.1,0.4,69.5,0.2,64.8,0,,
AT38,3,5,B,12,Control,Control-B,840,,,,,64.3,0.5,,
AT38,3,5,B,13,Control,Control-B,1584,,,,,63.8,0.5,,
AT38,3,5,GF75,5,Control,Control-B,120,,,,,,,,
AT38,3,5,C,0,SynLys,SynLys-C,0,71.9,0.8,72,1.8,72,1.8,,
AT38,3,5,C,1,SynLys,SynLys-C,24,70.9,0.4,,,,,,
AT38,3,5,C,2,SynLys,SynLys-C,48,,,,,,,,
AT38,3,5,C,3,SynLys,SynLys-C,72,,,,,,,,
AT38,3,5,C,4,SynLys,SynLys-C,96,,,,,,,,
AT38,3,5,C,5,SynLys,SynLys-C,120,68.2,1,70.4,2,66.7,0.6,,
AT38,3,5,C,6,SynLys,SynLys-C,144,,,,,,,,
AT38,3,5,C,7,SynLys,SynLys-C,168,,,,,,,,
AT38,3,5,C,8,SynLys,SynLys-C,192,,,,,,,,
AT38,3,5,C,9,SynLys,SynLys-C,216,,,,,,,,
AT38,3,5,C,10,SynLys,SynLys-C,240,,,,,,,,
AT38,3,5,C,11,SynLys,SynLys-C,336,67.4,0.6,68.3,0.7,67,1.3,,
AT38,3,5,C,12,SynLys,SynLys-C,840,,,,,65.3,0.2,,
AT38,3,5,C,13,SynLys,SynLys-C,1584,,,,,63.6,1.3,,
AT38,3,5,GF75,5,SynLys,SynLys-C,120,,,,,,,,
AT38,3,5,D,0,SynLys,SynLys-D,0,70,1.4,70.3,1.5,70.3,1.5,,
AT38,3,5,D,1,SynLys,SynLys-D,24,70.5,0.3,,,,,,
AT38,3,5,D,2,SynLys,SynLys-D,48,,,,,,,,
AT38,3,5,D,3,SynLys,SynLys-D,72,,,,,,,,
AT38,3,5,D,4,SynLys,SynLys-D,96,,,,,,,,
AT38,3,5,D,5,SynLys,SynLys-D,120,68.8,1.6,70.1,1,67.8,0.3,,
AT38,3,5,D,6,SynLys,SynLys-D,144,,,,,,,,
AT38,3,5,D,7,SynLys,SynLys-D,168,,,,,,,,
AT38,3,5,D,8,SynLys,SynLys-D,192,,,,,,,,
AT38,3,5,D,9,SynLys,SynLys-D,216,,,,,,,,
AT38,3,5,D,10,SynLys,SynLys-D,240,,,,,,,,
AT38,3,5,D,11,SynLys,SynLys-D,336,68.1,0.2,68.8,1.1,67,0.6,,
AT38,3,5,D,12,SynLys,SynLys-D,840,,,,,64.3,0.9,,
AT38,3,5,D,13,SynLys,SynLys-D,1584,,,,,63.3,0.3,,
AT38,3,5,GF75,5,SynLys,SynLys-D,120,,,,,,,,
AT38,4,5,Niskin,0,,,0,,,,,,,,
AT38,4,5,GF75,0,,,0,,,,,,,,
AT38,4,5,A,0,Control,Control-A,0,66.4,0.6,67,0.2,67,0.2,,
AT38,4,5,A,1,Control,Control-A,24,67.5,0.1,,,,,,
AT38,4,5,A,2,Control,Control-A,48,,,,,,,,
AT38,4,5,A,3,Control,Control-A,72,,,,,,,,
AT38,4,5,A,4,Control,Control-A,96,,,,,,,,
AT38,4,5,A,5,Control,Control-A,120,69.6,0.4,,,,,,
AT38,4,5,A,6,Control,Control-A,144,,,,,,,,
AT38,4,5,A,7,Control,Control-A,168,68.8,0.2,69.4,0.7,66,0.7,,
AT38,4,5,A,8,Control,Control-A,192,,,,,,,,
AT38,4,5,A,9,Control,Control-A,216,,,,,,,,
AT38,4,5,A,10,Control,Control-A,240,,,,,,,,
AT38,4,5,A,11,Control,Control-A,264,,,,,,,,
AT38,4,5,A,12,Control,Control-A,288,69.1,0.3,69.1,0.9,66.4,0.1,,
AT38,4,5,A,13,Control,Control-A,792,,,,,63.9,1.1,,
AT38,4,5,A,14,Control,Control-A,1536,,,,,62.7,0.6,,
AT38,4,5,GF75,7,Control,Control-A,168,,,,,,,,
AT38,4,5,B,0,Control,Control-B,0,66.4,0.4,66.4,1.5,66.4,1.5,,
AT38,4,5,B,1,Control,Control-B,24,,,,,,,,
AT38,4,5,B,2,Control,Control-B,48,,,,,,,,
AT38,4,5,B,3,Control,Control-B,72,,,,,,,,
AT38,4,5,B,3,Control,Control-B,96,,,,,,,,
AT38,4,5,B,5,Control,Control-B,120,69,1,,,,,,
AT38,4,5,B,6,Control,Control-B,144,,,,,,,,
AT38,4,5,B,7,Control,Control-B,168,69,0.6,69.5,0.9,65.6,0.5,,
AT38,4,5,B,8,Control,Control-B,192,,,,,,,,
AT38,4,5,B,9,Control,Control-B,216,,,,,,,,
AT38,4,5,B,10,Control,Control-B,240,,,,,,,,
AT38,4,5,B,11,Control,Control-B,264,,,,,,,,
AT38,4,5,B,12,Control,Control-B,288,69.5,0.3,69.1,0.3,66,0.3,,
AT38,4,5,B,13,Control,Control-B,792,,,,,63.8,0.8,,
AT38,4,5,B,14,Control,Control-B,1536,,,,,63.1,0.2,,
AT38,4,5,GF75,7,Control,Control-B,168,,,,,,,,
AT38,5,5,Niskin,0,,,0,,,,,,,,
AT38,5,5,GF75,0,,,0,,,,,,,,
AT38,5,5,A,0,Control,Control-A,0,70.6,0,70.6,0.5,70.6,0.5,,
AT38,5,5,A,1,Control,Control-A,24,,,,,,,,
AT38,5,5,A,2,Control,Control-A,48,,,,,,,,
AT38,5,5,A,3,Control,Control-A,72,,,,,,,,
AT38,5,5,A,4,Control,Control-A,96,,,,,,,,
AT38,5,5,A,5,Control,Control-A,120,71.8,1,,,,,,
AT38,5,5,A,6,Control,Control-A,144,,,,,,,,
AT38,5,5,A,7,Control,Control-A,168,70.9,1.1,70.7,0.4,,,,
AT38,5,5,A,8,Control,Control-A,192,,,,,,,,
AT38,5,5,A,9,Control,Control-A,216,,,,,,,,
AT38,5,5,A,10,Control,Control-A,240,,,,,,,,
AT38,5,5,A,11,Control,Control-A,264,69.8,0.4,69.2,0.1,68.6,0.5,,
AT38,5,5,A,12,Control,Control-A,744,,,,,67.1,0.3,,
AT38,5,5,A,13,Control,Control-A,1488,,,,,64.6,1,,
AT38,5,5,GF75,7,Control,Control-A,168,,,,,,,,
AT38,5,5,B,0,Control,Control-B,0,66.6,0.2,69.8,0,69.8,0,,
AT38,5,5,B,1,Control,Control-B,24,,,,,,,,
AT38,5,5,B,2,Control,Control-B,48,,,,,,,,
AT38,5,5,B,3,Control,Control-B,72,,,,,,,,
AT38,5,5,B,4,Control,Control-B,96,,,,,,,,
AT38,5,5,B,5,Control,Control-B,120,71.3,0.2,,,,,,
AT38,5,5,B,6,Control,Control-B,144,,,,,,,,
AT38,5,5,B,7,Control,Control-B,168,71.7,1.1,71.5,0.5,,,,
AT38,5,5,B,8,Control,Control-B,192,,,,,,,,
AT38,5,5,B,9,Control,Control-B,216,,,,,,,,
AT38,5,5,B,10,Control,Control-B,240,,,,,,,,
AT38,5,5,B,11,Control,Control-B,264,71.1,0.3,72.5,0,69,0.5,,
AT38,5,5,B,12,Control,Control-B,744,,,,,67.4,0,,
AT38,5,5,B,13,Control,Control-B,1488,,,,,65.3,0.4,,
AT38,5,5,GF75,7,Control,Control-B,168,,,,,,,,
AT38,6,5,Niskin,0,,,0,,,,,,,,
AT38,6,5,GF75,0,,,0,,,,,,,,
AT38,6,5,A,0,Control,Control-A,0,62.1,0.4,61.8,0.2,61.8,0.2,,
AT38,6,5,A,1,Control,Control-A,24,,,,,,,,
AT38,6,5,A,2,Control,Control-A,48,,,,,,,,
AT38,6,5,A,3,Control,Control-A,72,,,,,,,,
AT38,6,5,A,4,Control,Control-A,96,,,,,,,,
AT38,6,5,A,5,Control,Control-A,120,62.6,0.8,,,,,,
AT38,6,5,A,6,Control,Control-A,144,,,,,,,,
AT38,6,5,A,7,Control,Control-A,168,,,,,,,,
AT38,6,5,A,8,Control,Control-A,192,62.9,1.5,62.5,0.7,59.8,0.3,,
AT38,6,5,A,9,Control,Control-A,672,,,,,58.6,0.1,,
AT38,6,5,A,10,Control,Control-A,1416,,,,,57.6,0.5,,
AT38,6,5,GF75,8,Control,Control-A,192,,,,,,,,
AT38,6,5,B,0,Control,Control-B,0,61.5,1.9,61.4,0.1,61.4,0.1,,
AT38,6,5,B,1,Control,Control-B,24,,,,,,,,
AT38,6,5,B,2,Control,Control-B,48,,,,,,,,
AT38,6,5,B,3,Control,Control-B,72,,,,,,,,
AT38,6,5,B,4,Control,Control-B,96,,,,,,,,
AT38,6,5,B,5,Control,Control-B,120,62.7,0.2,,,,,,
AT38,6,5,B,6,Control,Control-B,144,,,,,,,,
AT38,6,5,B,7,Control,Control-B,168,,,,,,,,
AT38,6,5,B,8,Control,Control-B,192,61.3,0.5,63,2,59.3,0.1,,
AT38,6,5,B,9,Control,Control-B,672,,,,,57.5,0.4,,
AT38,6,5,B,10,Control,Control-B,1416,,,,,55.6,,,
AT38,6,5,GF75,8,Control,Control-B,192,,,,,,,,
AT38,6,5,C,0,SynLys,SynLys-C,0,64.6,0.5,66.4,0.4,66.4,0.4,,
AT38,6,5,C,1,SynLys,SynLys-C,24,,,,,,,,
AT38,6,5,C,2,SynLys,SynLys-C,48,,,,,,,,
AT38,6,5,C,3,SynLys,SynLys-C,72,,,,,,,,
AT38,6,5,C,4,SynLys,SynLys-C,96,,,,,,,,
AT38,6,5,C,5,SynLys,SynLys-C,120,64.1,0.8,,,,,,
AT38,6,5,C,6,SynLys,SynLys-C,144,,,,,,,,
AT38,6,5,C,7,SynLys,SynLys-C,168,,,,,,,,
AT38,6,5,C,8,SynLys,SynLys-C,192,63.7,0,64.6,0.7,62.1,0.2,,
AT38,6,5,C,9,SynLys,SynLys-C,672,,,,,61.2,3.5,,
AT38,6,5,C,10,SynLys,SynLys-C,1416,,,,,54.7,1.3,,
AT38,6,5,GF75,8,SynLys,SynLys-C,192,,,,,,,,
AT38,6,5,D,0,SynLys,SynLys-D,0,65.9,0.3,67.8,0.7,67.8,0.7,,
AT38,6,5,D,1,SynLys,SynLys-D,24,,,,,,,,
AT38,6,5,D,2,SynLys,SynLys-D,48,,,,,,,,
AT38,6,5,D,3,SynLys,SynLys-D,72,,,,,,,,
AT38,6,5,D,4,SynLys,SynLys-D,96,,,,,,,,
AT38,6,5,D,5,SynLys,SynLys-D,120,,,64.6,0.2,,,,
AT38,6,5,D,6,SynLys,SynLys-D,144,,,,,,,,
AT38,6,5,D,7,SynLys,SynLys-D,168,,,,,,,,
AT38,6,5,D,8,SynLys,SynLys-D,192,62.4,0.9,63.4,1.2,62.9,0.6,,
AT38,6,5,D,9,SynLys,SynLys-D,672,,,,,61.7,1.5,,
AT38,6,5,D,10,SynLys,SynLys-D,1416,,,,,60.4,0.9,,
AT38,6,5,GF75,8,SynLys,SynLys-D,192,,,,,,,,
AT38,U,5,1L,0,,,0,,,,,,,,
AT38,U,5,100mls,0,,,0,,,,,,,,
AT38,U,5,250mls,0,,,0,,,,,,,,
AT38,U,5,500mls,0,,,0,,,,,,,,
AT39,1,10,Niskin,0,,,0,,,,,,,,
AT39,1,10,GF75,0,,,0,,,,,,,,
AT39,1,10,A,0,Control,Control-A,0,60.8,0.7,59.4,0.8,60.8,0.7,59.4,0.8
AT39,1,10,A,1,Control,Control-A,24,,,,,,,,
AT39,1,10,A,2,Control,Control-A,48,,,,,,,,
AT39,1,10,A,3,Control,Control-A,72,,,,,,,,
AT39,1,10,A,4,Control,Control-A,96,,,60.1,1,,,,
AT39,1,10,A,5,Control,Control-A,120,,,,,,,,
AT39,1,10,A,6,Control,Control-A,144,,,,,,,,
AT39,1,10,A,7,Control,Control-A,168,,,,,,,,
AT39,1,10,A,8,Control,Control-A,192,59.6,1.7,60.5,0.5,58.6,0.8,57.7,0.1
AT39,1,10,A,9,Control,Control-A,384,,,,,58.2,0.6,,
AT39,1,10,A,10,Control,Control-A,864,,,,,58.2,1.5,57.6,0.8
AT39,1,10,A,11,Control,Control-A,2016,,,,,55.5,0,57.4,0.4
AT39,1,10,GF75,8,Control,Control-A,192,,,,,,,,
AT39,1,10,B,0,Control,Control-B,0,59.9,1,58.6,0.6,59.9,1,58.6,0.6
AT39,1,10,B,1,Control,Control-B,24,,,,,,,,
AT39,1,10,B,2,Control,Control-B,48,,,,,,,,
AT39,1,10,B,3,Control,Control-B,72,,,,,,,,
AT39,1,10,B,4,Control,Control-B,96,,,59.1,0,,,,
AT39,1,10,B,5,Control,Control-B,120,,,,,,,,
AT39,1,10,B,6,Control,Control-B,144,,,,,,,,
AT39,1,10,B,7,Control,Control-B,168,,,,,,,,
AT39,1,10,B,8,Control,Control-B,192,58.7,1.2,57.9,0.2,57.4,0.8,58.9,0.2
AT39,1,10,B,9,Control,Control-B,384,,,,,58.1,1.1,,
AT39,1,10,B,10,Control,Control-B,864,,,,,60.8,0.3,59.4,1.7
AT39,1,10,B,11,Control,Control-B,2016,,,,,55.8,0.7,55.7,0.8
AT39,1,10,GF75,8,Control,Control-B,192,,,,,,,,
AT39,2,10,Niskin,0,,,0,,,,,,,,
AT39,2,10,GF75,0,,,0,,,,,,,,
AT39,2,200,Niskin,0,,,0,,,,,,,,
AT39,2,200,GF75,0,,,0,,,,,,,,
AT39,2,10,A,0,Control,Control-A,0,59.7,0.8,58.6,1.1,58.6,1.1,59.7,0.8
AT39,2,10,A,1,Control,Control-A,24,,,,,,,,
AT39,2,10,A,2,Control,Control-A,48,,,,,,,,
AT39,2,10,A,3,Control,Control-A,72,,,58.5,1.3,,,,
AT39,2,10,A,4,Control,Control-A,96,,,,,,,,
AT39,2,10,A,5,Control,Control-A,120,,,,,,,,
AT39,2,10,A,6,Control,Control-A,144,58.4,0.6,58.1,,58.1,0.2,59,0.4
AT39,2,10,A,7,Control,Control-A,360,,,,,57.3,0.6,,
AT39,2,10,A,8,Control,Control-A,840,,,,,57.2,0.2,56.4,0.8
AT39,2,10,A,9,Control,Control-A,1992,,,,,55.5,0.4,55.5,1.7
AT39,2,10,GF75,6,Control,Control-A,144,,,,,,,,
AT39,2,10,B,0,Control,Control-B,0,57.6,0.3,58.4,0.6,58.4,0.6,57.6,0.3
AT39,2,10,B,1,Control,Control-B,24,,,,,,,,
AT39,2,10,B,2,Control,Control-B,48,,,,,,,,
AT39,2,10,B,3,Control,Control-B,72,,,58.2,0.1,,,,
AT39,2,10,B,4,Control,Control-B,96,,,,,,,,
AT39,2,10,B,5,Control,Control-B,120,,,,,,,,
AT39,2,10,B,6,Control,Control-B,144,58.9,0.1,58.5,0.6,58.6,0.4,58.7,0.3
AT39,2,10,B,7,Control,Control-B,360,,,,,57.8,2,,
AT39,2,10,B,8,Control,Control-B,840,,,,,56.1,0.5,57.5,0.7
AT39,2,10,B,9,Control,Control-B,1992,,,,,55.3,,55.8,1.5
AT39,2,10,GF75,6,Control,Control-B,144,,,,,,,,
AT39,2,10,C,0,TW5,TW5-C,0,63.4,0.6,64,0.5,64,0.5,63.4,0.6
AT39,2,10,C,1,TW5,TW5-C,24,,,,,,,,
AT39,2,10,C,2,TW5,TW5-C,48,,,,,,,,
AT39,2,10,C,3,TW5,TW5-C,72,,,60.4,0.4,,,,
AT39,2,10,C,4,TW5,TW5-C,96,,,,,,,,
AT39,2,10,C,5,TW5,TW5-C,120,,,,,,,,
AT39,2,10,C,6,TW5,TW5-C,144,60.9,0,59.9,1.5,59.6,0.7,60.2,
AT39,2,10,C,7,TW5,TW5-C,360,,,,,58.9,0.8,,
AT39,2,10,C,8,TW5,TW5-C,840,,,,,57,0.4,57.8,1.3
AT39,2,10,C,9,TW5,TW5-C,1992,,,,,56.8,0.5,57.5,0.7
AT39,2,10,GF75,6,TW5,TW5-C,144,,,,,,,,
AT39,2,10,D,0,TW5,TW5-D,0,63.1,0.7,64.4,0.2,64.4,0.2,63.1,0.7
AT39,2,10,D,1,TW5,TW5-D,24,,,,,,,,
AT39,2,10,D,2,TW5,TW5-D,48,,,,,,,,
AT39,2,10,D,3,TW5,TW5-D,72,,,63.1,0.7,,,,
AT39,2,10,D,4,TW5,TW5-D,96,,,,,,,,
AT39,2,10,D,5,TW5,TW5-D,120,,,,,,,,
AT39,2,10,D,6,TW5,TW5-D,144,59,0,60.2,0.7,60.7,0.6,59.4,1.2
AT39,2,10,D,7,TW5,TW5-D,360,,,,,60.7,,,
AT39,2,10,D,8,TW5,TW5-D,840,,,,,55.8,0.1,56.9,0.5
AT39,2,10,D,9,TW5,TW5-D,1992,,,,,55.7,0.8,54.9,0.9
AT39,2,10,GF75,6,TW5,TW5-D,144,,,,,,,,
AT39,2,10,E,0,TW10,TW10-E,0,69.9,0.7,70.7,1.6,70.7,1.6,69.9,0.7
AT39,2,10,E,1,TW10,TW10-E,24,,,,,,,,
AT39,2,10,E,2,TW10,TW10-E,48,,,,,,,,
AT39,2,10,E,3,TW10,TW10-E,72,,,63.2,0.6,,,,
AT39,2,10,E,4,TW10,TW10-E,96,,,,,,,,
AT39,2,10,E,5,TW10,TW10-E,120,,,,,,,,
AT39,2,10,E,6,TW10,TW10-E,144,60.5,0.2,61.3,0.2,60,0.9,58.6,0.9
AT39,2,10,E,7,TW10,TW10-E,360,,,,,58.7,,,
AT39,2,10,E,8,TW10,TW10-E,840,,,,,58.1,0.5,57.9,0.1
AT39,2,10,E,9,TW10,TW10-E,1992,,,,,57.2,0.1,56.3,0.3
AT39,2,10,GF75,5,TW10,TW10-E,120,,,,,,,,
AT39,2,10,F,0,TW10,TW10-F,0,70.9,0.2,73.5,0,73.5,0,70.9,0.2
AT39,2,10,F,1,TW10,TW10-F,24,,,,,,,,
AT39,2,10,F,2,TW10,TW10-F,48,,,,,,,,
AT39,2,10,F,3,TW10,TW10-F,72,,,64,0.1,,,,
AT39,2,10,F,4,TW10,TW10-F,96,,,,,,,,
AT39,2,10,F,5,TW10,TW10-F,120,,,,,,,,
AT39,2,10,F,6,TW10,TW10-F,144,60.7,,60.2,1.3,59.6,0.4,58.6,0.3
AT39,2,10,F,7,TW10,TW10-F,360,,,,,59.7,1.4,,
AT39,2,10,F,8,TW10,TW10-F,840,,,,,57.4,0.3,59.2,0.7
AT39,2,10,F,9,TW10,TW10-F,1992,,,,,56.2,0.4,56,0.3
AT39,2,10,GF75,5,TW10,TW10-F,120,,,,,,,,
AT39,2,10,G,0,TW15,TW15-G,0,81.8,0.6,81.9,0.9,81.9,0.9,81.8,0.6
AT39,2,10,G,1,TW15,TW15-G,24,,,,,,,,
AT39,2,10,G,2,TW15,TW15-G,48,,,,,,,,
AT39,2,10,G,3,TW15,TW15-G,72,62.3,0.2,63.8,0,64.1,0.4,63.3,1.8
AT39,2,10,G,4,TW15,TW15-G,96,,,,,,,,
AT39,2,10,G,5,TW15,TW15-G,120,,,,,,,,
AT39,2,10,G,6,TW15,TW15-G,144,,,,,,,,
AT39,2,10,G,7,TW15,TW15-G,360,,,,,,,,
AT39,2,10,G,8,TW15,TW15-G,840,,,,,58.6,0.3,58.2,1
AT39,2,10,G,9,TW15,TW15-G,1992,,,,,57.1,0.7,59.5,3.6
AT39,2,10,GF75,3,TW15,TW15-G,72,,,,,,,,
AT39,2,10,H,0,TW15,TW15-H,0,80.2,1.3,80.3,1,80.3,1,80.2,1.3
AT39,2,10,H,1,TW15,TW15-H,24,,,,,,,,
AT39,2,10,H,2,TW15,TW15-H,48,,,,,,,,
AT39,2,10,H,3,TW15,TW15-H,72,64,0.2,66.5,0.9,64,1.4,63.6,0.8
AT39,2,10,H,4,TW15,TW15-H,96,,,,,,,,
AT39,2,10,H,5,TW15,TW15-H,120,,,,,,,,
AT39,2,10,H,6,TW15,TW15-H,144,,,,,,,,
AT39,2,10,H,7,TW15,TW15-H,360,,,,,60.4,1.5,,
AT39,2,10,H,8,TW15,TW15-H,840,,,,,60.2,,60.8,1
AT39,2,10,H,9,TW15,TW15-H,1992,,,,,59.2,2.3,57.4,0.2
AT39,2,10,GF75,3,TW15,TW15-H,72,,,,,,,,
AT39,2,0.1,W,0,Microlayer,Microlayer-W,0,,,234.3,2.2,,,,
AT39,2,0.1,W,6,Microlayer,Microlayer-W,144,,,168.1,2.3,,,,
AT39,2,0.1,W,8,Microlayer,Microlayer-W,840,,,106,1.6,,,,
AT39,2,0.1,W,9,Microlayer,Microlayer-W,1992,,,89.6,4.8,,,,
AT39,2,10,W,0,Surface,Surface-W,0,,,59,0.3,,,,
AT39,2,10,W,6,Surface,Surface-W,144,,,58.5,0.6,,,,
AT39,2,10,W,8,Surface,Surface-W,840,,,58.7,1.9,,,,
AT39,2,10,W,9,Surface,Surface-W,1992,,,55.9,1.2,,,,
AT39,2,200,W,0,Deep,Deep-W,0,,,55.5,0.5,,,,
AT39,2,200,W,6,Deep,Deep-W,144,,,54.7,0.7,,,,
AT39,2,200,W,8,Deep,Deep-W,840,,,55.4,0,,,,
AT39,2,200,W,9,Deep,Deep-W,1992,,,54.1,1.1,,,,
AT39,3,5,Niskin,0,,,0,,,,,,,,
AT39,3,5,GF75,0,,,0,,,,,,,,
AT39,3,5,A,0,Control,Control-A,0,57.7,1.1,58.5,1,58.5,1,57.7,1.1
AT39,3,5,A,1,Control,Control-A,24,,,,,,,,
AT39,3,5,A,2,Control,Control-A,48,,,,,,,,
AT39,3,5,A,3,Control,Control-A,72,,,,,,,,
AT39,3,5,A,4,Control,Control-A,96,,,,,,,,
AT39,3,5,A,5,Control,Control-A,120,,,58,0.3,,,,
AT39,3,5,A,6,Control,Control-A,144,,,,,,,,
AT39,3,5,A,7,Control,Control-A,168,,,,,,,,
AT39,3,5,A,8,Control,Control-A,192,,,,,,,,
AT39,3,5,A,9,Control,Control-A,216,59.1,0.7,60.5,1.1,57.9,0.3,58.2,0.8
AT39,3,5,A,10,Control,Control-A,336,,,,,57.9,0.1,,
AT39,3,5,A,11,Control,Control-A,816,,,,,56.9,1.2,57.5,0.9
AT39,3,5,A,12,Control,Control-A,1968,,,,,55,0.5,55.8,0.2
AT39,3,5,GF75,9,Control,Control-A,216,,,,,,,,
AT39,3,5,B,0,Control,Control-B,0,60,0.1,58.1,0.6,58.1,0.6,60,0.1
AT39,3,5,B,1,Control,Control-B,24,,,,,,,,
AT39,3,5,B,2,Control,Control-B,48,,,,,,,,
AT39,3,5,B,3,Control,Control-B,72,,,,,,,,
AT39,3,5,B,4,Control,Control-B,96,,,,,,,,
AT39,3,5,B,5,Control,Control-B,120,,,60.5,2.5,,,,
AT39,3,5,B,6,Control,Control-B,144,,,,,,,,
AT39,3,5,B,7,Control,Control-B,168,,,,,,,,
AT39,3,5,B,8,Control,Control-B,192,,,,,,,,
AT39,3,5,B,9,Control,Control-B,216,58.4,0.4,59.5,0.1,58.8,0.4,57.1,0.9
AT39,3,5,B,10,Control,Control-B,336,,,,,57.6,0.2,,
AT39,3,5,B,11,Control,Control-B,816,,,,,57.9,0.9,57.2,1.3
AT39,3,5,B,12,Control,Control-B,1968,,,,,55.5,0.5,55.4,0.7
AT39,3,5,GF75,9,Control,Control-B,216,,,,,,,,
AT39,3,5,W,0,Surface,Surface-W,0,,,58,1.2,,,,
AT39,3,5,W,9,Surface,Surface-W,144,,,57.4,0.9,,,,
AT39,3,5,W,10,Surface,Surface-W,336,,,57.8,1.1,,,,
AT39,3,5,W,11,Surface,Surface-W,816,,,57.3,1.5,,,,
AT39,3,5,W,12,Surface,Surface-W,1968,,,55.9,0.8,,,,
AT39,4,5,Niskin,0,,,0,,,,,,,,
AT39,4,5,GF75,0,,,0,,,,,,,,
AT39,4,5,A,0,Control,Control-A,0,56.8,1.3,56.8,0.7,56.8,0.7,56.8,1.3
AT39,4,5,A,1,Control,Control-A,24,,,,,,,,
AT39,4,5,A,2,Control,Control-A,48,,,,,,,,
AT39,4,5,A,3,Control,Control-A,72,,,,,,,,
AT39,4,5,A,4,Control,Control-A,96,,,57.1,0.6,,,,
AT39,4,5,A,5,Control,Control-A,120,,,,,,,,
AT39,4,5,A,6,Control,Control-A,144,,,,,,,,
AT39,4,5,A,7,Control,Control-A,168,,,,,,,,
AT39,4,5,A,8,Control,Control-A,192,,,,,,,,
AT39,4,5,A,9,Control,Control-A,216,55.4,2.6,55.7,1.6,54.6,0.6,56.2,2.2
AT39,4,5,A,10,Control,Control-A,744,,,,,55.4,0.4,55.9,1.1
AT39,4,5,A,11,Control,Control-A,1896,,,,,55.8,0.5,53.3,0.7
AT39,4,5,A,12,Control,Control-A,2400,,,,,55.4,,,
AT39,4,5,GF75,9,Control,Control-A,216,,,,,,,,
AT39,4,5,B,0,Control,Control-B,0,54.9,0.4,56.4,0.7,56.4,0.7,54.9,0.4
AT39,4,5,B,1,Control,Control-B,24,,,,,,,,
AT39,4,5,B,2,Control,Control-B,48,,,,,,,,
AT39,4,5,B,3,Control,Control-B,72,,,,,,,,
AT39,4,5,B,4,Control,Control-B,96,,,55.2,,,,,
AT39,4,5,B,5,Control,Control-B,120,,,,,,,,
AT39,4,5,B,6,Control,Control-B,144,,,,,,,,
AT39,4,5,B,7,Control,Control-B,168,,,,,,,,
AT39,4,5,B,8,Control,Control-B,192,,,,,,,,
AT39,4,5,B,9,Control,Control-B,216,57.3,0.6,59.3,0.3,56.6,0.3,56.2,1.5
AT39,4,5,B,10,Control,Control-B,744,,,,,55.9,0.3,54.7,0.4
AT39,4,5,B,11,Control,Control-B,1896,,,,,53.7,0.7,54.1,0.6
AT39,4,5,B,12,Control,Control-B,2400,,,,,54.1,1.0,,
AT39,4,5,GF75,9,Control,Control-B,216,,,,,,,,
AT39,4,5,W,0,Surface,Surface-W,0,,,58.7,1.5,,,,
AT39,4,5,W,9,Surface,Surface-W,216,,,58.1,1.3,,,,
AT39,4,5,W,10,Surface,Surface-W,744,,,56,1,,,,
AT39,4,5,W,11,Surface,Surface-W,1896,,,54.9,1.6,,,,
AT39,4,5,W,12,Surface,Surface-W,2400,,,55,1.3,,,,
AT39,S2RD,5,Niskin,0,,,0,,,,,,,,
AT39,S2RD,5,GF75,0,,,0,,,,,,,,
AT39,S2RD,5,TFF-Ret,0,,,0,,,,,,,,
AT39,S2RD,5,A,0,Control,Control-A,0,58.2,0.1,59.5,1.1,59.5,1.1,58.2,0.1
AT39,S2RD,5,A,1,Control,Control-A,24,,,,,,,,
AT39,S2RD,5,A,2,Control,Control-A,48,,,,,,,,
AT39,S2RD,5,A,3,Control,Control-A,72,,,60.6,0.5,,,,
AT39,S2RD,5,A,4,Control,Control-A,96,,,,,,,,
AT39,S2RD,5,A,5,Control,Control-A,120,,,,,,,,
AT39,S2RD,5,A,6,Control,Control-A,144,,,,,,,,
AT39,S2RD,5,A,7,Control,Control-A,168,58.3,1.8,59.6,,59.2,0.8,57.6,
AT39,S2RD,5,A,8,Control,Control-A,672,,,,,57.1,0,56.3,0.9
AT39,S2RD,5,A,9,Control,Control-A,1584,,,,,55.1,0.5,54.4,0.5
AT39,S2RD,5,A,10,Control,Control-A,2328,,,,,55.2,0.8,,
AT39,S2RD,5,GF75,7,Control,Control-A,168,,,,,,,,
AT39,S2RD,5,B,0,Control,Control-B,0,61.5,,59.6,1,59.6,1,61.5,0
AT39,S2RD,5,B,1,Control,Control-B,24,,,,,,,,
AT39,S2RD,5,B,2,Control,Control-B,48,,,,,,,,
AT39,S2RD,5,B,3,Control,Control-B,72,,,62,2.7,,,,
AT39,S2RD,5,B,4,Control,Control-B,96,,,,,,,,
AT39,S2RD,5,B,5,Control,Control-B,120,,,,,,,,
AT39,S2RD,5,B,6,Control,Control-B,144,,,,,,,,
AT39,S2RD,5,B,7,Control,Control-B,168,63.2,1.4,59.5,1.1,58,0.6,58.6,0.1
AT39,S2RD,5,B,8,Control,Control-B,672,,,,,57,0.5,57.4,0.3
AT39,S2RD,5,B,9,Control,Control-B,1584,,,,,55.1,0.5,54.7,1
AT39,S2RD,5,B,10,Control,Control-B,2328,,,,,56.4,,,
AT39,S2RD,5,GF75,7,Control,Control-B,168,,,,,,,,
AT39,S2RD,5,W,0,Surface,Surface-W,0,,,61.9,1.4,,,,
AT39,S2RD,5,W,7,Surface,Surface-W,168,,,58.7,0.8,,,,
AT39,S2RD,5,W,8,Surface,Surface-W,672,,,56.9,0.5,,,,
AT39,S2RD,5,W,9,Surface,Surface-W,1584,,,57.8,0.4,,,,
AT39,S2RD,5,W,10,Surface,Surface-W,2328,,,57.5,0,,,,
AT39,S2RD,5,1.2,0,Surface,Surface-1.2,0,,,60.1,0.1,,,,
AT39,S2RD,5,1.2,7,Surface,Surface-1.2,168,,,58.9,0.1,,,,
AT39,S2RD,5,1.2,8,Surface,Surface-1.2,672,,,57.9,0.4,,,,
AT39,S2RD,5,1.2,9,Surface,Surface-1.2,1584,,,56.9,0.9,,,,
AT39,S2RD,5,1.2,10,Surface,Surface-1.2,2328,,,57.6,1.8,,,,
AT39,S2RD,5,NV,0,Surface,Surface-NV,0,,,58.7,0.4,,,,
AT39,S2RD,5,NV,7,Surface,Surface-NV,168,,,58.2,0.4,,,,
AT39,S2RD,5,NV,8,Surface,Surface-NV,672,,,57.9,0.5,,,,
AT39,S2RD,5,NV,9,Surface,Surface-NV,1584,,,56.8,1.8,,,,
AT39,S2RD,5,NV,10,Surface,Surface-NV,2328,,,58.2,0.3,,,,
AT39,S2RF,5,Niskin,0,,,0,,,,,,,,
AT39,S2RF,5,GF75,0,,,0,,,,,,,,
AT39,S2RF,5,TFF-Ret,0,,,0,,,,,,,,
AT39,S2RF,5,A,0,Control,Control-A,0,60.4,0.1,57.5,0.4,57.5,0.4,60.4,0.1
AT39,S2RF,5,A,1,Control,Control-A,24,,,,,,,,
AT39,S2RF,5,A,2,Control,Control-A,48,,,,,,,,
AT39,S2RF,5,A,3,Control,Control-A,72,,,60.9,1.1,,,,
AT39,S2RF,5,A,4,Control,Control-A,96,,,,,,,,
AT39,S2RF,5,A,5,Control,Control-A,120,,,,,,,,
AT39,S2RF,5,A,6,Control,Control-A,144,,,,,,,,
AT39,S2RF,5,A,7,Control,Control-A,168,57.9,0.4,58.5,0,57.7,0.2,57.3,0
AT39,S2RF,5,A,8,Control,Control-A,648,,,,,55.3,0.3,55.9,0
AT39,S2RF,5,A,9,Control,Control-A,1560,,,,,55.3,1,54.8,0.4
AT39,S2RF,5,A,10,Control,Control-A,2304,,,,,55.7,0.6,,
AT39,S2RF,5,GF75,7,Control,Control-A,168,,,,,,,,
AT39,S2RF,5,B,0,Control,Control-B,0,59.2,2.5,58.5,0,58.5,0,59.2,2.5
AT39,S2RF,5,B,1,Control,Control-B,24,,,,,,,,
AT39,S2RF,5,B,2,Control,Control-B,48,,,,,,,,
AT39,S2RF,5,B,3,Control,Control-B,72,,,59.3,1.9,,,,
AT39,S2RF,5,B,4,Control,Control-B,96,,,,,,,,
AT39,S2RF,5,B,5,Control,Control-B,120,,,,,,,,
AT39,S2RF,5,B,6,Control,Control-B,144,,,,,,,,
AT39,S2RF,5,B,7,Control,Control-B,168,57.9,0.5,57.4,0.7,58.1,0.1,60.2,0.9
AT39,S2RF,5,B,8,Control,Control-B,648,,,,,55.8,0.5,56.6,0.7
AT39,S2RF,5,B,9,Control,Control-B,1560,,,,,54.8,0.1,55.2,0.3
AT39,S2RF,5,B,10,Control,Control-B,2304,,,,,54.5,0.8,,
AT39,S2RF,5,GF75,7,Control,Control-B,168,,,,,,,,
AT39,S2RF,5,W,0,Surface,Surface-W,0,,,59.4,1.4,,,,
AT39,S2RF,5,W,7,Surface,Surface-W,168,,,57,1.4,,,,
AT39,S2RF,5,W,8,Surface,Surface-W,648,,,55.3,0.5,,,,
AT39,S2RF,5,W,9,Surface,Surface-W,1560,,,54.1,2.6,,,,
AT39,S2RF,5,W,10,Surface,Surface-W,2304,,,55.2,1,,,,
AT39,S2RF,5,1.2,0,Surface,Surface-1.2,0,,,59.2,0.5,,,,
AT39,S2RF,5,1.2,7,Surface,Surface-1.2,168,,,57.9,1.2,,,,
AT39,S2RF,5,1.2,8,Surface,Surface-1.2,648,,,56.2,0.4,,,,
AT39,S2RF,5,1.2,9,Surface,Surface-1.2,1560,,,54.8,1.1,,,,
AT39,S2RF,5,1.2,10,Surface,Surface-1.2,2304,,,54.5,3,,,,
AT39,S2RF,5,NV,0,Surface,Surface-NV,0,,,59.3,1.5,,,,
AT39,S2RF,5,NV,7,Surface,Surface-NV,168,,,53.6,5.7,,,,
AT39,S2RF,5,NV,8,Surface,Surface-NV,648,,,54.4,1.3,,,,
AT39,S2RF,5,NV,9,Surface,Surface-NV,1560,,,53.1,0.7,,,,
AT39,S2RF,5,NV,10,Surface,Surface-NV,2304,,,52.3,5.4,,,,